Date,Open,High,Low,Close,Adj Close,Volume
2014-07-07,3.160000,3.210000,3.120000,3.150000,3.150000,9885000
2014-07-08,3.120000,3.130000,2.960000,3.040000,3.040000,23213900
2014-07-09,3.040000,3.080000,3.000000,3.010000,3.010000,14438100
2014-07-10,3.000000,3.150000,2.970000,3.120000,3.120000,17989600
2014-07-11,3.150000,3.260000,3.110000,3.240000,3.240000,16835200
2014-07-14,3.240000,3.270000,3.170000,3.180000,3.180000,11100100
2014-07-15,3.190000,3.210000,3.090000,3.100000,3.100000,11074700
2014-07-16,3.100000,3.130000,3.020000,3.020000,3.020000,12447100
2014-07-17,3.010000,3.140000,3.010000,3.080000,3.080000,30301000
2014-07-18,3.050000,3.130000,2.970000,3.050000,3.050000,58195900
2014-07-21,3.060000,3.120000,3.020000,3.100000,3.100000,17649200
2014-07-22,3.110000,3.140000,3.020000,3.040000,3.040000,20153700
2014-07-23,3.050000,3.090000,3.030000,3.060000,3.060000,10824600
2014-07-24,3.060000,3.090000,3.020000,3.040000,3.040000,11982700
2014-07-25,3.020000,3.060000,3.000000,3.000000,3.000000,18964900
2014-07-28,3.000000,3.050000,3.000000,3.020000,3.020000,17307300
2014-07-29,3.010000,3.020000,2.920000,2.930000,2.930000,18423200
2014-07-30,2.950000,2.960000,2.900000,2.920000,2.920000,14300900
2014-07-31,2.920000,2.930000,2.860000,2.920000,2.920000,15938800
2014-08-01,2.910000,2.930000,2.830000,2.870000,2.870000,11277900
2014-08-04,2.880000,2.940000,2.810000,2.840000,2.840000,14349900
2014-08-05,2.870000,2.880000,2.790000,2.850000,2.850000,17301700
2014-08-06,2.810000,2.840000,2.730000,2.790000,2.790000,25371200
2014-08-07,2.810000,2.950000,2.770000,2.920000,2.920000,53009500
2014-08-08,2.730000,2.890000,2.700000,2.880000,2.880000,85044200
2014-08-11,2.900000,2.900000,2.760000,2.850000,2.850000,26807900
2014-08-12,2.820000,2.870000,2.760000,2.860000,2.860000,26213000
2014-08-13,2.810000,2.860000,2.810000,2.830000,2.830000,11370600
2014-08-14,2.850000,2.880000,2.820000,2.850000,2.850000,11362600
2014-08-15,2.880000,2.920000,2.830000,2.910000,2.910000,12125400
2014-08-18,2.930000,3.090000,2.920000,3.080000,3.080000,35980600
2014-08-19,3.050000,3.150000,3.040000,3.110000,3.110000,30761700
2014-08-20,3.090000,3.140000,3.030000,3.120000,3.120000,14580700
2014-08-21,3.100000,3.110000,3.010000,3.060000,3.060000,19319800
2014-08-22,3.100000,3.100000,3.040000,3.080000,3.080000,15659700
2014-08-25,3.070000,3.080000,3.000000,3.010000,3.010000,9948500
2014-08-26,3.020000,3.020000,2.910000,2.950000,2.950000,14058000
2014-08-27,2.930000,2.960000,2.880000,2.880000,2.880000,12726800
2014-08-28,2.890000,2.920000,2.840000,2.880000,2.880000,9183000
2014-08-29,2.880000,2.910000,2.860000,2.900000,2.900000,5350300
2014-09-02,2.900000,3.010000,2.900000,3.010000,3.010000,15992900
2014-09-03,3.050000,3.060000,2.950000,3.010000,3.010000,17817300
2014-09-04,3.070000,3.090000,3.020000,3.050000,3.050000,13811300
2014-09-05,3.030000,3.090000,3.000000,3.080000,3.080000,13759200
2014-09-08,3.080000,3.080000,3.010000,3.020000,3.020000,7934400
2014-09-09,3.000000,3.020000,2.910000,2.950000,2.950000,18675100
2014-09-10,2.940000,3.010000,2.900000,2.990000,2.990000,11423000
2014-09-11,2.960000,2.980000,2.930000,2.940000,2.940000,6376900
2014-09-12,2.930000,2.960000,2.910000,2.920000,2.920000,6419700
2014-09-15,2.930000,2.930000,2.820000,2.900000,2.900000,11657200
2014-09-16,2.890000,3.030000,2.850000,3.020000,3.020000,20519300
2014-09-17,3.020000,3.150000,3.020000,3.150000,3.150000,31270700
2014-09-18,3.150000,3.190000,3.060000,3.080000,3.080000,25948300
2014-09-19,3.100000,3.110000,3.040000,3.060000,3.060000,20329200
2014-09-22,3.020000,3.080000,2.990000,3.050000,3.050000,14422600
2014-09-23,3.100000,3.110000,2.980000,3.000000,3.000000,11146400
2014-09-24,2.980000,3.040000,2.940000,3.010000,3.010000,14906700
2014-09-25,3.000000,3.020000,2.940000,2.960000,2.960000,8361500
2014-09-26,2.960000,2.990000,2.830000,2.830000,2.830000,19462100
2014-09-29,2.810000,2.830000,2.740000,2.790000,2.790000,36418500
2014-09-30,2.790000,2.800000,2.700000,2.700000,2.700000,16821000
2014-10-01,2.710000,2.730000,2.600000,2.690000,2.690000,21082900
2014-10-02,2.660000,2.670000,2.550000,2.620000,2.620000,35703300
2014-10-03,2.640000,2.680000,2.600000,2.620000,2.620000,11210800
2014-10-06,2.620000,2.660000,2.520000,2.550000,2.550000,18884700
2014-10-07,2.530000,2.720000,2.530000,2.560000,2.560000,18400100
2014-10-08,2.600000,2.610000,2.450000,2.560000,2.560000,39459800
2014-10-09,2.570000,2.590000,2.360000,2.400000,2.400000,26841300
2014-10-10,2.370000,2.390000,2.230000,2.370000,2.370000,22667900
2014-10-13,2.390000,2.400000,2.250000,2.280000,2.280000,28849500
2014-10-14,2.250000,2.320000,2.230000,2.270000,2.270000,22966200
2014-10-15,2.250000,2.300000,2.200000,2.280000,2.280000,13623700
2014-10-16,2.250000,2.400000,2.240000,2.290000,2.290000,16316000
2014-10-17,2.350000,2.370000,2.280000,2.290000,2.290000,13792800
2014-10-20,2.270000,2.340000,2.250000,2.290000,2.290000,12877800
2014-10-21,2.310000,2.480000,2.290000,2.430000,2.430000,22317500
2014-10-22,2.420000,2.550000,2.310000,2.340000,2.340000,22594000
2014-10-23,2.340000,2.410000,2.340000,2.370000,2.370000,7779200
2014-10-24,2.340000,2.410000,2.340000,2.370000,2.370000,5673100
2014-10-27,2.370000,2.380000,2.310000,2.380000,2.380000,7203200
2014-10-28,2.360000,2.430000,2.360000,2.400000,2.400000,6043900
2014-10-29,2.380000,2.400000,2.310000,2.340000,2.340000,7925700
2014-10-30,2.320000,2.410000,2.310000,2.400000,2.400000,10418600
2014-10-31,2.430000,2.680000,2.420000,2.550000,2.550000,31722100
2014-11-03,2.550000,2.620000,2.550000,2.560000,2.560000,11136200
2014-11-04,2.600000,2.620000,2.400000,2.430000,2.430000,12329800
2014-11-05,2.440000,2.470000,2.340000,2.350000,2.350000,18239500
2014-11-06,2.350000,2.430000,2.310000,2.360000,2.360000,24342900
2014-11-07,2.590000,2.690000,2.350000,2.430000,2.430000,83913100
2014-11-10,2.460000,2.480000,2.380000,2.480000,2.480000,23999700
2014-11-11,2.610000,2.780000,2.550000,2.750000,2.750000,57523300
2014-11-12,2.720000,2.860000,2.700000,2.810000,2.810000,30669800
2014-11-13,2.810000,2.920000,2.700000,2.730000,2.730000,27990600
2014-11-14,2.730000,2.800000,2.660000,2.770000,2.770000,14817700
2014-11-17,2.780000,2.780000,2.630000,2.750000,2.750000,16882600
2014-11-18,2.740000,2.780000,2.660000,2.710000,2.710000,11124000
2014-11-19,2.680000,2.720000,2.650000,2.690000,2.690000,8689700
2014-11-20,2.650000,2.740000,2.640000,2.690000,2.690000,8988400
2014-11-21,2.720000,2.730000,2.680000,2.690000,2.690000,8813300
2014-11-24,2.710000,2.740000,2.610000,2.680000,2.680000,8361000
2014-11-25,2.660000,2.680000,2.620000,2.640000,2.640000,10604500
2014-11-26,2.620000,2.670000,2.620000,2.630000,2.630000,5755600
2014-11-28,2.630000,2.640000,2.570000,2.600000,2.600000,4792800
2014-12-01,2.580000,2.590000,2.500000,2.510000,2.510000,9465600
2014-12-02,2.500000,2.520000,2.450000,2.480000,2.480000,8211600
2014-12-03,2.450000,2.590000,2.450000,2.540000,2.540000,11067400
2014-12-04,2.540000,2.550000,2.470000,2.530000,2.530000,8396500
2014-12-05,2.540000,2.580000,2.490000,2.510000,2.510000,8233400
2014-12-08,2.520000,2.550000,2.450000,2.480000,2.480000,7624700
2014-12-09,2.430000,2.610000,2.390000,2.560000,2.560000,14463900
2014-12-10,2.550000,2.590000,2.470000,2.510000,2.510000,10038600
2014-12-11,2.500000,2.550000,2.450000,2.470000,2.470000,7321800
2014-12-12,2.420000,2.530000,2.420000,2.500000,2.500000,8420500
2014-12-15,2.490000,2.550000,2.420000,2.440000,2.440000,16925000
2014-12-16,2.410000,2.520000,2.300000,2.320000,2.320000,28180900
2014-12-17,2.380000,2.470000,2.350000,2.390000,2.390000,14666000
2014-12-18,2.430000,2.520000,2.420000,2.440000,2.440000,16343900
2014-12-19,2.450000,2.710000,2.430000,2.700000,2.700000,29376200
2014-12-22,2.700000,2.830000,2.700000,2.810000,2.810000,17346900
2014-12-23,2.800000,2.870000,2.700000,2.720000,2.720000,14490200
2014-12-24,2.700000,2.720000,2.650000,2.710000,2.710000,5553800
2014-12-26,2.690000,2.770000,2.650000,2.670000,2.670000,8394000
2014-12-29,2.660000,2.750000,2.650000,2.740000,2.740000,11481400
2014-12-30,2.730000,2.740000,2.680000,2.720000,2.720000,6924600
2014-12-31,2.700000,2.730000,2.650000,2.660000,2.660000,9332200
2015-01-02,2.700000,2.730000,2.650000,2.730000,2.730000,12579300
2015-01-05,2.700000,2.740000,2.660000,2.710000,2.710000,15018900
2015-01-06,2.710000,2.720000,2.610000,2.700000,2.700000,14935300
2015-01-07,2.700000,2.750000,2.630000,2.680000,2.680000,13291600
2015-01-08,2.680000,2.710000,2.580000,2.580000,2.580000,11770800
2015-01-09,2.600000,2.650000,2.550000,2.640000,2.640000,10639100
2015-01-12,2.610000,2.620000,2.520000,2.620000,2.620000,12885800
2015-01-13,2.600000,2.620000,2.500000,2.560000,2.560000,9970600
2015-01-14,2.520000,2.600000,2.480000,2.600000,2.600000,9016800
2015-01-15,2.610000,2.620000,2.500000,2.590000,2.590000,14211100
2015-01-16,2.550000,2.660000,2.540000,2.610000,2.610000,19408200
2015-01-20,2.610000,2.670000,2.580000,2.630000,2.630000,19775000
2015-01-21,2.610000,2.630000,2.530000,2.590000,2.590000,15947900
2015-01-22,2.600000,2.680000,2.560000,2.620000,2.620000,8082500
2015-01-23,2.620000,2.770000,2.620000,2.730000,2.730000,11472200
2015-01-26,2.720000,2.760000,2.650000,2.670000,2.670000,7695000
2015-01-27,2.650000,2.690000,2.640000,2.660000,2.660000,5742500
2015-01-28,2.680000,2.680000,2.570000,2.580000,2.580000,8391500
2015-01-29,2.550000,2.630000,2.520000,2.580000,2.580000,9042800
2015-01-30,2.560000,2.620000,2.540000,2.560000,2.560000,6233500
2015-02-02,2.560000,2.590000,2.540000,2.570000,2.570000,8432400
2015-02-03,2.590000,2.630000,2.560000,2.590000,2.590000,11380100
2015-02-04,2.620000,2.620000,2.550000,2.580000,2.580000,6932900
2015-02-05,2.600000,2.690000,2.600000,2.640000,2.640000,9808500
2015-02-06,2.650000,2.780000,2.640000,2.740000,2.740000,13753400
2015-02-09,2.750000,2.790000,2.710000,2.750000,2.750000,12017300
2015-02-10,2.760000,2.840000,2.730000,2.800000,2.800000,11796400
2015-02-11,2.810000,2.870000,2.780000,2.810000,2.810000,14431900
2015-02-12,2.800000,2.800000,2.630000,2.660000,2.660000,55525900
2015-02-13,2.270000,2.320000,2.200000,2.240000,2.240000,92440300
2015-02-17,2.250000,2.370000,2.240000,2.320000,2.320000,26153000
2015-02-18,2.350000,2.360000,2.270000,2.310000,2.310000,14673900
2015-02-19,2.280000,2.320000,2.240000,2.320000,2.320000,17030400
2015-02-20,2.290000,2.330000,2.290000,2.320000,2.320000,14781600
2015-02-23,2.300000,2.330000,2.290000,2.320000,2.320000,10195100
2015-02-24,2.290000,2.320000,2.280000,2.320000,2.320000,9199600
2015-02-25,2.300000,2.350000,2.300000,2.330000,2.330000,12564100
2015-02-26,2.350000,2.360000,2.280000,2.310000,2.310000,27700300
2015-02-27,2.300000,2.320000,2.270000,2.300000,2.300000,13032800
2015-03-02,2.290000,2.330000,2.280000,2.320000,2.320000,9748500
2015-03-03,2.340000,2.390000,2.300000,2.350000,2.350000,24959500
2015-03-04,2.340000,2.410000,2.330000,2.390000,2.390000,24435800
2015-03-05,2.410000,2.440000,2.380000,2.410000,2.410000,13435800
2015-03-06,2.400000,2.600000,2.390000,2.540000,2.540000,25639800
2015-03-09,2.530000,2.590000,2.480000,2.540000,2.540000,13921800
2015-03-10,2.520000,2.560000,2.480000,2.550000,2.550000,9752000
2015-03-11,2.560000,2.630000,2.510000,2.610000,2.610000,17064800
2015-03-12,2.600000,2.720000,2.590000,2.680000,2.680000,25108000
2015-03-13,2.700000,2.720000,2.560000,2.590000,2.590000,28979500
2015-03-16,2.590000,2.630000,2.510000,2.570000,2.570000,16663100
2015-03-17,2.550000,2.690000,2.550000,2.620000,2.620000,13165400
2015-03-18,2.600000,2.680000,2.590000,2.620000,2.620000,12100300
2015-03-19,2.630000,2.660000,2.610000,2.650000,2.650000,6965000
2015-03-20,2.650000,2.730000,2.640000,2.700000,2.700000,11462300
2015-03-23,2.710000,2.790000,2.700000,2.760000,2.760000,16164800
2015-03-24,2.750000,2.890000,2.710000,2.810000,2.810000,39292900
2015-03-25,2.820000,2.840000,2.750000,2.770000,2.770000,19292500
2015-03-26,2.740000,2.800000,2.710000,2.720000,2.720000,11453200
2015-03-27,2.720000,2.820000,2.720000,2.770000,2.770000,8250500
2015-03-30,2.760000,2.820000,2.730000,2.780000,2.780000,15102800
2015-03-31,2.750000,2.890000,2.750000,2.850000,2.850000,20602100
2015-04-01,2.860000,2.870000,2.780000,2.790000,2.790000,10691700
2015-04-02,2.780000,2.820000,2.750000,2.780000,2.780000,7000700
2015-04-06,2.760000,2.810000,2.750000,2.770000,2.770000,6784800
2015-04-07,2.760000,2.810000,2.700000,2.800000,2.800000,7110200
2015-04-08,2.820000,2.900000,2.810000,2.900000,2.900000,43854000
2015-04-09,2.500000,2.570000,2.350000,2.380000,2.380000,128947700
2015-04-10,2.430000,2.510000,2.420000,2.490000,2.490000,44150900
2015-04-13,2.500000,2.520000,2.440000,2.470000,2.470000,17641100
2015-04-14,2.500000,2.500000,2.410000,2.440000,2.440000,17571900
2015-04-15,2.440000,2.490000,2.420000,2.460000,2.460000,13959900
2015-04-16,2.450000,2.480000,2.440000,2.460000,2.460000,11364100
2015-04-17,2.460000,2.470000,2.420000,2.450000,2.450000,11059600
2015-04-20,2.470000,2.470000,2.380000,2.440000,2.440000,18548800
2015-04-21,2.450000,2.500000,2.440000,2.490000,2.490000,20422000
2015-04-22,2.510000,2.530000,2.460000,2.510000,2.510000,13583500
2015-04-23,2.510000,2.540000,2.510000,2.530000,2.530000,5452100
2015-04-24,2.500000,2.550000,2.490000,2.520000,2.520000,8094200
2015-04-27,2.510000,2.510000,2.450000,2.470000,2.470000,9212600
2015-04-28,2.460000,2.500000,2.420000,2.450000,2.450000,7167000
2015-04-29,2.430000,2.470000,2.420000,2.450000,2.450000,11641600
2015-04-30,2.450000,2.500000,2.430000,2.450000,2.450000,9954800
2015-05-01,2.460000,2.520000,2.460000,2.470000,2.470000,7295300
2015-05-04,2.480000,2.510000,2.460000,2.490000,2.490000,17647100
2015-05-05,2.510000,2.530000,2.460000,2.500000,2.500000,22568700
2015-05-06,2.480000,2.640000,2.460000,2.610000,2.610000,44988100
2015-05-07,2.710000,2.830000,2.640000,2.800000,2.800000,52591400
2015-05-08,2.760000,2.900000,2.730000,2.860000,2.860000,27550600
2015-05-11,2.860000,2.960000,2.850000,2.900000,2.900000,25581600
2015-05-12,2.870000,2.970000,2.870000,2.930000,2.930000,19188600
2015-05-13,2.960000,3.040000,2.950000,3.010000,3.010000,35970000
2015-05-14,3.030000,3.110000,2.930000,3.050000,3.050000,28286700
2015-05-15,3.010000,3.130000,3.010000,3.050000,3.050000,26209100
2015-05-18,3.050000,3.100000,2.960000,2.970000,2.970000,13167800
2015-05-19,2.980000,3.080000,2.970000,3.000000,3.000000,15171400
2015-05-20,3.010000,3.030000,2.880000,2.960000,2.960000,17146200
2015-05-21,2.960000,2.990000,2.930000,2.970000,2.970000,10773400
2015-05-22,2.970000,2.980000,2.920000,2.930000,2.930000,7874500
2015-05-26,2.930000,2.940000,2.850000,2.850000,2.850000,7422200
2015-05-27,2.870000,2.900000,2.840000,2.860000,2.860000,8550400
2015-05-28,2.870000,2.990000,2.860000,2.940000,2.940000,11611300
2015-05-29,2.910000,2.960000,2.890000,2.950000,2.950000,12689100
2015-06-01,2.950000,2.980000,2.930000,2.940000,2.940000,12255200
2015-06-02,2.940000,2.990000,2.930000,2.980000,2.980000,6454100
2015-06-03,2.990000,3.050000,2.980000,3.040000,3.040000,8941300
2015-06-04,3.010000,3.080000,3.000000,3.020000,3.020000,5645800
2015-06-05,3.010000,3.070000,3.000000,3.060000,3.060000,7915600
2015-06-08,3.060000,3.070000,2.980000,2.990000,2.990000,6972100
2015-06-09,2.980000,3.000000,2.940000,2.980000,2.980000,8125400
2015-06-10,2.980000,3.070000,2.980000,3.010000,3.010000,9518000
2015-06-11,3.010000,3.050000,2.980000,2.990000,2.990000,6875300
2015-06-12,2.990000,3.060000,2.970000,3.040000,3.040000,8104200
2015-06-15,3.040000,3.040000,2.980000,2.990000,2.990000,9586300
2015-06-16,2.990000,3.010000,2.910000,2.950000,2.950000,8969900
2015-06-17,2.960000,2.980000,2.950000,2.960000,2.960000,4484200
2015-06-18,2.970000,3.020000,2.920000,2.990000,2.990000,7461700
2015-06-19,3.000000,3.020000,2.980000,2.990000,2.990000,7164500
2015-06-22,2.980000,3.010000,2.970000,2.980000,2.980000,4166100
2015-06-23,2.970000,2.990000,2.940000,2.960000,2.960000,4691500
2015-06-24,2.950000,2.990000,2.930000,2.980000,2.980000,3997500
2015-06-25,2.970000,3.000000,2.950000,2.990000,2.990000,6520600
2015-06-26,2.990000,3.000000,2.930000,2.940000,2.940000,5331400
2015-06-29,2.920000,2.940000,2.870000,2.880000,2.880000,7511000
2015-06-30,2.900000,2.910000,2.860000,2.860000,2.860000,4877900
2015-07-01,2.870000,2.960000,2.820000,2.840000,2.840000,12732900
2015-07-02,2.820000,2.890000,2.820000,2.840000,2.840000,4283700
2015-07-06,2.830000,2.830000,2.760000,2.810000,2.810000,6730100
2015-07-07,2.800000,2.880000,2.760000,2.840000,2.840000,7976300
2015-07-08,2.810000,2.820000,2.730000,2.740000,2.740000,6931100
2015-07-09,2.770000,2.780000,2.630000,2.650000,2.650000,20444400
2015-07-10,2.680000,2.700000,2.610000,2.650000,2.650000,10190300
2015-07-13,2.660000,2.710000,2.660000,2.670000,2.670000,6840100
2015-07-14,2.700000,2.780000,2.690000,2.750000,2.750000,8247700
2015-07-15,2.780000,2.810000,2.700000,2.700000,2.700000,6297000
2015-07-16,2.730000,2.780000,2.700000,2.750000,2.750000,6812200
2015-07-17,2.770000,2.840000,2.700000,2.710000,2.710000,10217900
2015-07-20,2.740000,2.740000,2.650000,2.650000,2.650000,6590200
2015-07-21,2.660000,2.750000,2.660000,2.690000,2.690000,7096600
2015-07-22,2.690000,2.730000,2.660000,2.660000,2.660000,3452300
2015-07-23,2.690000,2.720000,2.620000,2.670000,2.670000,7171800
2015-07-24,2.700000,2.700000,2.600000,2.620000,2.620000,11776400
2015-07-27,2.620000,2.630000,2.510000,2.540000,2.540000,13092500
2015-07-28,2.550000,2.570000,2.480000,2.480000,2.480000,22635800
2015-07-29,2.510000,2.540000,2.450000,2.510000,2.510000,11481300
2015-07-30,2.520000,2.530000,2.460000,2.470000,2.470000,5840400
2015-07-31,2.500000,2.610000,2.470000,2.480000,2.480000,17829800
2015-08-03,2.490000,2.500000,2.430000,2.490000,2.490000,10949300
2015-08-04,2.460000,2.520000,2.460000,2.490000,2.490000,11708400
2015-08-05,2.510000,2.540000,2.480000,2.510000,2.510000,12346800
2015-08-06,2.500000,2.510000,2.450000,2.450000,2.450000,20130100
2015-08-07,2.480000,2.640000,2.440000,2.640000,2.640000,30302100
2015-08-10,2.640000,2.720000,2.610000,2.670000,2.670000,11035000
2015-08-11,2.630000,2.720000,2.620000,2.670000,2.670000,10524000
2015-08-12,2.630000,2.750000,2.600000,2.750000,2.750000,11211100
2015-08-13,2.740000,2.750000,2.670000,2.700000,2.700000,9503300
2015-08-14,2.670000,2.700000,2.650000,2.700000,2.700000,6223200
2015-08-17,2.660000,2.690000,2.610000,2.650000,2.650000,9709900
2015-08-18,2.610000,2.690000,2.610000,2.620000,2.620000,10506000
2015-08-19,2.600000,2.640000,2.560000,2.580000,2.580000,7451400
2015-08-20,2.530000,2.560000,2.480000,2.520000,2.520000,12934300
2015-08-21,2.510000,2.510000,2.440000,2.440000,2.440000,9991900
2015-08-24,2.270000,2.480000,2.200000,2.370000,2.370000,18314800
2015-08-25,2.430000,2.500000,2.400000,2.440000,2.440000,14297900
2015-08-26,2.470000,2.500000,2.400000,2.430000,2.430000,8286500
2015-08-27,2.460000,2.480000,2.390000,2.420000,2.420000,12652800
2015-08-28,2.410000,2.540000,2.410000,2.520000,2.520000,11078000
2015-08-31,2.490000,2.550000,2.490000,2.530000,2.530000,10245100
2015-09-01,2.470000,2.530000,2.460000,2.500000,2.500000,10685500
2015-09-02,2.500000,2.540000,2.470000,2.500000,2.500000,7378200
2015-09-03,2.510000,2.580000,2.510000,2.540000,2.540000,7342600
2015-09-04,2.500000,2.530000,2.490000,2.500000,2.500000,4969000
2015-09-08,2.520000,2.570000,2.490000,2.500000,2.500000,11540200
2015-09-09,2.520000,2.550000,2.460000,2.510000,2.510000,16281300
2015-09-10,2.500000,2.530000,2.440000,2.470000,2.470000,15775900
2015-09-11,2.470000,2.510000,2.440000,2.470000,2.470000,14627700
2015-09-14,2.450000,2.500000,2.420000,2.490000,2.490000,7132400
2015-09-15,2.480000,2.580000,2.480000,2.520000,2.520000,7551700
2015-09-16,2.520000,2.530000,2.480000,2.510000,2.510000,7023200
2015-09-17,2.500000,2.540000,2.480000,2.490000,2.490000,5810200
2015-09-18,2.480000,2.520000,2.470000,2.520000,2.520000,9743700
2015-09-21,2.500000,2.540000,2.450000,2.500000,2.500000,8361400
2015-09-22,2.470000,2.500000,2.410000,2.420000,2.420000,8747500
2015-09-23,2.440000,2.450000,2.350000,2.390000,2.390000,9670100
2015-09-24,2.380000,2.420000,2.360000,2.380000,2.380000,7741400
2015-09-25,2.400000,2.420000,2.320000,2.340000,2.340000,8171400
2015-09-28,2.330000,2.350000,2.280000,2.300000,2.300000,12237200
2015-09-29,2.290000,2.330000,2.200000,2.210000,2.210000,11414400
2015-09-30,2.250000,2.310000,2.240000,2.280000,2.280000,10244600
2015-10-01,2.300000,2.350000,2.230000,2.270000,2.270000,7797500
2015-10-02,2.220000,2.370000,2.220000,2.360000,2.360000,7713300
2015-10-05,2.360000,2.420000,2.350000,2.380000,2.380000,8573400
2015-10-06,2.390000,2.430000,2.380000,2.400000,2.400000,7216100
2015-10-07,2.420000,2.490000,2.380000,2.410000,2.410000,14232800
2015-10-08,2.410000,2.480000,2.400000,2.460000,2.460000,7422900
2015-10-09,2.460000,2.490000,2.440000,2.470000,2.470000,3019800
2015-10-12,2.470000,2.490000,2.450000,2.470000,2.470000,4554900
2015-10-13,2.460000,2.530000,2.450000,2.470000,2.470000,3554400
2015-10-14,2.470000,2.510000,2.460000,2.470000,2.470000,3239100
2015-10-15,2.480000,2.520000,2.480000,2.510000,2.510000,6200900
2015-10-16,2.510000,2.530000,2.420000,2.460000,2.460000,10110300
2015-10-19,2.450000,2.490000,2.420000,2.440000,2.440000,3280800
2015-10-20,2.420000,2.450000,2.370000,2.380000,2.380000,6583700
2015-10-21,2.380000,2.410000,2.340000,2.370000,2.370000,7697400
2015-10-22,2.380000,2.480000,2.380000,2.420000,2.420000,7459100
2015-10-23,2.430000,2.450000,2.390000,2.430000,2.430000,5140800
2015-10-26,2.420000,2.480000,2.370000,2.400000,2.400000,9418100
2015-10-27,2.390000,2.440000,2.360000,2.390000,2.390000,7817200
2015-10-28,2.410000,2.450000,2.360000,2.430000,2.430000,5934600
2015-10-29,2.430000,2.450000,2.370000,2.380000,2.380000,7517100
2015-10-30,2.380000,2.410000,2.360000,2.370000,2.370000,7251500
2015-11-02,2.370000,2.430000,2.360000,2.390000,2.390000,12754800
2015-11-03,2.480000,2.490000,2.420000,2.450000,2.450000,20629400
2015-11-04,2.490000,2.560000,2.480000,2.550000,2.550000,21363400
2015-11-05,2.540000,2.580000,2.500000,2.580000,2.580000,13416100
2015-11-06,2.550000,2.580000,2.510000,2.570000,2.570000,8302700
2015-11-09,2.540000,2.620000,2.520000,2.520000,2.520000,7204600
2015-11-10,2.500000,2.550000,2.500000,2.520000,2.520000,6769300
2015-11-11,2.520000,2.570000,2.520000,2.540000,2.540000,6915000
2015-11-12,2.530000,2.550000,2.470000,2.470000,2.470000,7375400
2015-11-13,2.460000,2.510000,2.430000,2.460000,2.460000,6151600
2015-11-16,2.460000,2.490000,2.440000,2.470000,2.470000,6182400
2015-11-17,2.470000,2.540000,2.460000,2.470000,2.470000,6830300
2015-11-18,2.470000,2.550000,2.470000,2.550000,2.550000,5441200
2015-11-19,2.530000,2.580000,2.530000,2.530000,2.530000,6793900
2015-11-20,2.510000,2.580000,2.510000,2.540000,2.540000,5331700
2015-11-23,2.540000,2.580000,2.540000,2.540000,2.540000,4834600
2015-11-24,2.510000,2.580000,2.510000,2.550000,2.550000,5438500
2015-11-25,2.520000,2.650000,2.520000,2.600000,2.600000,10112100
2015-11-27,2.580000,2.640000,2.570000,2.620000,2.620000,5028000
2015-11-30,2.600000,2.640000,2.550000,2.580000,2.580000,7130500
2015-12-01,2.590000,2.620000,2.590000,2.600000,2.600000,5848400
2015-12-02,2.580000,2.650000,2.570000,2.630000,2.630000,10420400
2015-12-03,2.640000,2.690000,2.580000,2.580000,2.580000,7265800
2015-12-04,2.610000,2.670000,2.590000,2.630000,2.630000,8932300
2015-12-07,2.620000,2.660000,2.580000,2.610000,2.610000,4814900
2015-12-08,2.600000,2.640000,2.570000,2.600000,2.600000,7288200
2015-12-09,2.600000,2.620000,2.500000,2.550000,2.550000,8382800
2015-12-10,2.540000,2.610000,2.540000,2.570000,2.570000,4518500
2015-12-11,2.550000,2.590000,2.440000,2.460000,2.460000,9585400
2015-12-14,2.490000,2.580000,2.470000,2.540000,2.540000,9221800
2015-12-15,2.540000,2.590000,2.520000,2.570000,2.570000,6046500
2015-12-16,2.570000,2.620000,2.500000,2.590000,2.590000,10638300
2015-12-17,2.570000,2.630000,2.570000,2.600000,2.600000,7566500
2015-12-18,2.590000,2.640000,2.570000,2.640000,2.640000,18055400
2015-12-21,2.630000,2.680000,2.550000,2.620000,2.620000,13914600
2015-12-22,2.630000,2.670000,2.580000,2.580000,2.580000,8275900
2015-12-23,2.600000,2.700000,2.540000,2.640000,2.640000,9636700
2015-12-24,2.640000,2.750000,2.640000,2.710000,2.710000,7939700
2015-12-28,2.690000,2.710000,2.660000,2.690000,2.690000,7620900
2015-12-29,2.690000,2.700000,2.600000,2.640000,2.640000,15153100
2015-12-30,2.630000,2.720000,2.590000,2.680000,2.680000,15413700
2015-12-31,2.670000,2.720000,2.620000,2.680000,2.680000,13220400
2016-01-04,2.640000,2.650000,2.530000,2.580000,2.580000,18954700
2016-01-05,2.600000,2.610000,2.550000,2.560000,2.560000,13506500
2016-01-06,2.540000,2.580000,2.500000,2.570000,2.570000,9152400
2016-01-07,2.520000,2.590000,2.460000,2.480000,2.480000,8124700
2016-01-08,2.510000,2.510000,2.390000,2.410000,2.410000,7719400
2016-01-11,2.430000,2.440000,2.360000,2.390000,2.390000,15023500
2016-01-12,2.400000,2.460000,2.380000,2.390000,2.390000,18810500
2016-01-13,2.420000,2.430000,2.350000,2.370000,2.370000,12406400
2016-01-14,2.400000,2.440000,2.310000,2.400000,2.400000,8426500
2016-01-15,2.330000,2.380000,2.280000,2.370000,2.370000,9795000
2016-01-19,2.370000,2.400000,2.240000,2.280000,2.280000,13495900
2016-01-20,2.250000,2.260000,2.150000,2.230000,2.230000,27983100
2016-01-21,2.230000,2.380000,2.220000,2.330000,2.330000,11220200
2016-01-22,2.350000,2.420000,2.350000,2.400000,2.400000,10704600
2016-01-25,2.400000,2.430000,2.370000,2.380000,2.380000,10513900
2016-01-26,2.390000,2.460000,2.380000,2.410000,2.410000,13786200
2016-01-27,2.420000,2.450000,2.390000,2.410000,2.410000,10310500
2016-01-28,2.430000,2.490000,2.400000,2.420000,2.420000,11531800
2016-01-29,2.440000,2.460000,2.390000,2.460000,2.460000,8773700
2016-02-01,2.420000,2.490000,2.360000,2.440000,2.440000,11359300
2016-02-02,2.400000,2.450000,2.330000,2.360000,2.360000,12652400
2016-02-03,2.380000,2.390000,2.290000,2.350000,2.350000,11766900
2016-02-04,2.340000,2.420000,2.320000,2.380000,2.380000,8391900
2016-02-05,2.370000,2.370000,2.200000,2.280000,2.280000,19699200
2016-02-08,2.250000,2.250000,2.060000,2.090000,2.090000,28973200
2016-02-09,2.090000,2.150000,1.930000,2.030000,2.030000,31583900
2016-02-10,2.070000,2.150000,2.060000,2.130000,2.130000,17539500
2016-02-11,1.800000,1.880000,1.780000,1.810000,1.810000,33946300
2016-02-12,1.820000,1.860000,1.810000,1.830000,1.830000,19773000
2016-02-16,1.820000,1.960000,1.820000,1.830000,1.830000,28531300
2016-02-17,1.860000,1.900000,1.850000,1.870000,1.870000,30186100
2016-02-18,1.890000,1.900000,1.850000,1.860000,1.860000,25689000
2016-02-19,1.850000,2.030000,1.840000,1.990000,1.990000,26052400
2016-02-22,1.990000,2.050000,1.970000,1.970000,1.970000,8822600
2016-02-23,1.960000,2.040000,1.950000,2.000000,2.000000,8509100
2016-02-24,1.990000,2.080000,1.970000,2.070000,2.070000,8533800
2016-02-25,2.060000,2.190000,2.060000,2.140000,2.140000,10580000
2016-02-26,2.130000,2.200000,2.100000,2.160000,2.160000,10152800
2016-02-29,2.120000,2.230000,2.110000,2.110000,2.110000,13967900
2016-03-01,2.150000,2.200000,2.130000,2.160000,2.160000,11466800
2016-03-02,2.300000,2.360000,2.190000,2.250000,2.250000,19114800
2016-03-03,2.250000,2.300000,2.240000,2.270000,2.270000,6483000
2016-03-04,2.270000,2.320000,2.250000,2.280000,2.280000,10310400
2016-03-07,2.290000,2.320000,2.210000,2.240000,2.240000,9926700
2016-03-08,2.250000,2.250000,2.180000,2.190000,2.190000,10973600
2016-03-09,2.220000,2.220000,2.130000,2.150000,2.150000,10391100
2016-03-10,2.190000,2.200000,2.120000,2.190000,2.190000,7602700
2016-03-11,2.190000,2.240000,2.170000,2.230000,2.230000,13011000
2016-03-14,2.230000,2.280000,2.200000,2.250000,2.250000,9200400
2016-03-15,2.250000,2.250000,2.180000,2.220000,2.220000,12950800
2016-03-16,2.220000,2.240000,2.160000,2.210000,2.210000,9222900
2016-03-17,2.230000,2.270000,2.200000,2.230000,2.230000,15281600
2016-03-18,2.250000,2.270000,2.230000,2.270000,2.270000,10451500
2016-03-21,2.250000,2.270000,2.200000,2.230000,2.230000,12775300
2016-03-22,2.220000,2.290000,2.200000,2.250000,2.250000,12676800
2016-03-23,2.260000,2.270000,2.160000,2.170000,2.170000,7216700
2016-03-24,2.180000,2.200000,2.130000,2.200000,2.200000,5875100
2016-03-28,2.200000,2.210000,2.150000,2.180000,2.180000,5516200
2016-03-29,2.180000,2.250000,2.140000,2.230000,2.230000,11868900
2016-03-30,2.240000,2.280000,2.200000,2.260000,2.260000,33030900
2016-03-31,2.260000,2.280000,2.220000,2.280000,2.280000,14942300
2016-04-01,2.250000,2.260000,2.180000,2.200000,2.200000,23064300
2016-04-04,2.210000,2.310000,2.190000,2.290000,2.290000,18850500
2016-04-05,2.270000,2.320000,2.250000,2.300000,2.300000,13491000
2016-04-06,2.310000,2.430000,2.300000,2.400000,2.400000,14518000
2016-04-07,2.400000,2.410000,2.320000,2.360000,2.360000,8814000
2016-04-08,2.350000,2.400000,2.320000,2.400000,2.400000,7400300
2016-04-11,2.420000,2.420000,2.320000,2.340000,2.340000,21172800
2016-04-12,2.350000,2.390000,2.310000,2.360000,2.360000,12053700
2016-04-13,2.370000,2.450000,2.350000,2.440000,2.440000,12832000
2016-04-14,2.440000,2.450000,2.400000,2.430000,2.430000,3545800
2016-04-15,2.420000,2.470000,2.420000,2.440000,2.440000,7287200
2016-04-18,2.390000,2.470000,2.360000,2.460000,2.460000,5722100
2016-04-19,2.440000,2.500000,2.440000,2.470000,2.470000,7426200
2016-04-20,2.470000,2.500000,2.450000,2.480000,2.480000,6019200
2016-04-21,2.480000,2.540000,2.440000,2.530000,2.530000,13726400
2016-04-22,2.520000,2.550000,2.450000,2.480000,2.480000,8256300
2016-04-25,2.480000,2.490000,2.440000,2.460000,2.460000,5914800
2016-04-26,2.460000,2.480000,2.410000,2.440000,2.440000,10460500
2016-04-27,2.430000,2.450000,2.400000,2.430000,2.430000,3792300
2016-04-28,2.410000,2.450000,2.390000,2.400000,2.400000,5454100
2016-04-29,2.400000,2.440000,2.350000,2.380000,2.380000,8174400
2016-05-02,2.390000,2.400000,2.340000,2.370000,2.370000,9780700
2016-05-03,2.330000,2.350000,2.310000,2.320000,2.320000,5361800
2016-05-04,2.310000,2.320000,2.280000,2.300000,2.300000,7640500
2016-05-05,2.600000,2.640000,2.510000,2.550000,2.550000,19522500
2016-05-06,2.540000,2.590000,2.510000,2.550000,2.550000,7651800
2016-05-09,2.530000,2.590000,2.520000,2.540000,2.540000,10618500
2016-05-10,2.540000,2.550000,2.520000,2.530000,2.530000,7417200
2016-05-11,2.510000,2.550000,2.490000,2.540000,2.540000,6495200
2016-05-12,2.520000,2.600000,2.510000,2.550000,2.550000,6276900
2016-05-13,2.540000,2.580000,2.530000,2.550000,2.550000,3877100
2016-05-16,2.390000,2.590000,2.390000,2.570000,2.570000,12198400
2016-05-17,2.520000,2.640000,2.520000,2.620000,2.620000,9712900
2016-05-18,2.530000,2.560000,2.490000,2.520000,2.520000,13794600
2016-05-19,2.520000,2.550000,2.510000,2.540000,2.540000,8221000
2016-05-20,2.530000,2.610000,2.530000,2.560000,2.560000,5738100
2016-05-23,2.540000,2.620000,2.540000,2.570000,2.570000,5036300
2016-05-24,2.570000,2.590000,2.550000,2.560000,2.560000,4178200
2016-05-25,2.550000,2.620000,2.550000,2.610000,2.610000,5021400
2016-05-26,2.580000,2.630000,2.580000,2.610000,2.610000,6688000
2016-05-27,2.600000,2.640000,2.590000,2.600000,2.600000,4214500
2016-05-31,2.580000,2.600000,2.550000,2.570000,2.570000,7696600
2016-06-01,2.560000,2.660000,2.560000,2.640000,2.640000,5374800
2016-06-02,2.610000,2.660000,2.610000,2.620000,2.620000,3237600
2016-06-03,2.620000,2.640000,2.590000,2.610000,2.610000,5132100
2016-06-06,2.600000,2.640000,2.580000,2.640000,2.640000,8643000
2016-06-07,2.640000,2.660000,2.590000,2.610000,2.610000,6547000
2016-06-08,2.600000,2.650000,2.590000,2.610000,2.610000,4638900
2016-06-09,2.610000,2.620000,2.580000,2.620000,2.620000,6640800
2016-06-10,2.600000,2.660000,2.600000,2.650000,2.650000,15889700
2016-06-13,2.610000,2.640000,2.500000,2.540000,2.540000,17696000
2016-06-14,2.550000,2.680000,2.540000,2.630000,2.630000,12459700
2016-06-15,2.620000,2.680000,2.570000,2.640000,2.640000,21851800
2016-06-16,2.600000,2.630000,2.510000,2.540000,2.540000,28631500
2016-06-17,2.540000,2.550000,2.460000,2.460000,2.460000,20154900
2016-06-20,2.490000,2.600000,2.480000,2.570000,2.570000,16852600
2016-06-21,2.570000,2.610000,2.550000,2.590000,2.590000,13140200
2016-06-22,2.580000,2.580000,2.510000,2.540000,2.540000,13721000
2016-06-23,2.550000,2.630000,2.530000,2.550000,2.550000,15609500
2016-06-24,2.420000,2.500000,2.420000,2.430000,2.430000,18307000
2016-06-27,2.400000,2.410000,2.270000,2.320000,2.320000,24011200
2016-06-28,2.380000,2.390000,2.330000,2.360000,2.360000,8448300
2016-06-29,2.410000,2.430000,2.350000,2.420000,2.420000,21223500
2016-06-30,2.450000,2.550000,2.410000,2.490000,2.490000,26599600
2016-07-01,2.490000,2.560000,2.470000,2.550000,2.550000,14484500
2016-07-05,2.600000,2.650000,2.570000,2.650000,2.650000,9732400
2016-07-06,2.640000,2.750000,2.630000,2.750000,2.750000,19213100
2016-07-07,2.730000,2.880000,2.730000,2.760000,2.760000,34888000
2016-07-08,2.790000,2.880000,2.790000,2.850000,2.850000,18547300
2016-07-11,2.870000,2.890000,2.740000,2.780000,2.780000,26647000
2016-07-12,2.810000,2.850000,2.790000,2.830000,2.830000,12778000
2016-07-13,2.850000,2.850000,2.760000,2.790000,2.790000,15379400
2016-07-14,2.800000,2.860000,2.800000,2.840000,2.840000,7806100
2016-07-15,2.830000,2.840000,2.750000,2.830000,2.830000,12132900
2016-07-18,2.810000,2.880000,2.800000,2.850000,2.850000,14087800
2016-07-19,2.860000,2.870000,2.790000,2.800000,2.800000,10089400
2016-07-20,2.830000,2.840000,2.770000,2.790000,2.790000,14023200
2016-07-21,2.790000,2.820000,2.750000,2.770000,2.770000,15244800
2016-07-22,2.810000,2.860000,2.790000,2.860000,2.860000,12281500
2016-07-25,2.860000,2.870000,2.780000,2.830000,2.830000,13730300
2016-07-26,2.800000,2.890000,2.800000,2.880000,2.880000,10071700
2016-07-27,2.890000,2.890000,2.850000,2.890000,2.890000,7737900
2016-07-28,2.900000,2.940000,2.860000,2.870000,2.870000,10682500
2016-07-29,2.870000,2.890000,2.820000,2.870000,2.870000,8505400
2016-08-01,2.860000,2.900000,2.820000,2.880000,2.880000,10390300
2016-08-02,2.880000,2.910000,2.830000,2.850000,2.850000,6739400
2016-08-03,2.930000,2.980000,2.920000,2.960000,2.960000,21245800
2016-08-04,2.980000,3.020000,2.910000,2.970000,2.970000,19513500
2016-08-05,2.790000,2.870000,2.710000,2.770000,2.770000,21046800
2016-08-08,2.790000,2.850000,2.770000,2.820000,2.820000,13744400
2016-08-09,2.800000,2.820000,2.750000,2.750000,2.750000,7423000
2016-08-10,2.740000,2.770000,2.720000,2.720000,2.720000,6339900
2016-08-11,2.720000,2.730000,2.660000,2.660000,2.660000,16137500
2016-08-12,2.680000,2.690000,2.650000,2.650000,2.650000,12278800
2016-08-15,2.650000,2.730000,2.650000,2.710000,2.710000,7953700
2016-08-16,2.640000,2.730000,2.640000,2.680000,2.680000,12427100
2016-08-17,2.640000,2.680000,2.620000,2.660000,2.660000,11117900
2016-08-18,2.650000,2.720000,2.650000,2.660000,2.660000,12250800
2016-08-19,2.660000,2.690000,2.660000,2.670000,2.670000,5873800
2016-08-22,2.680000,2.700000,2.620000,2.650000,2.650000,9486500
2016-08-23,2.650000,2.680000,2.650000,2.660000,2.660000,5638600
2016-08-24,2.660000,2.690000,2.610000,2.620000,2.620000,7526800
2016-08-25,2.630000,2.670000,2.620000,2.640000,2.640000,11666500
2016-08-26,2.640000,2.710000,2.640000,2.690000,2.690000,16597800
2016-08-29,2.670000,2.790000,2.640000,2.770000,2.770000,15395100
2016-08-30,2.760000,2.780000,2.730000,2.760000,2.760000,7264500
2016-08-31,2.740000,2.770000,2.720000,2.730000,2.730000,16733400
2016-09-01,2.750000,2.750000,2.670000,2.680000,2.680000,7890700
2016-09-02,2.690000,2.760000,2.690000,2.720000,2.720000,13414700
2016-09-06,2.720000,2.790000,2.700000,2.780000,2.780000,18534700
2016-09-07,2.790000,2.800000,2.730000,2.760000,2.760000,12237700
2016-09-08,2.740000,2.890000,2.710000,2.850000,2.850000,26846000
2016-09-09,2.850000,2.860000,2.720000,2.730000,2.730000,18569100
2016-09-12,2.710000,2.840000,2.670000,2.840000,2.840000,28534400
2016-09-13,2.790000,2.860000,2.790000,2.860000,2.860000,19922200
2016-09-14,2.870000,2.910000,2.820000,2.910000,2.910000,16961100
2016-09-15,2.900000,2.950000,2.870000,2.920000,2.920000,11225900
2016-09-16,2.890000,2.920000,2.870000,2.910000,2.910000,10110000
2016-09-19,2.910000,2.920000,2.850000,2.860000,2.860000,9144600
2016-09-20,2.870000,2.880000,2.790000,2.810000,2.810000,9019100
2016-09-21,2.820000,2.880000,2.770000,2.870000,2.870000,12625700
2016-09-22,2.870000,2.870000,2.790000,2.840000,2.840000,8687000
2016-09-23,2.840000,2.850000,2.800000,2.840000,2.840000,6456200
2016-09-26,2.820000,2.860000,2.810000,2.830000,2.830000,14559500
2016-09-27,2.810000,2.880000,2.810000,2.880000,2.880000,12155400
2016-09-28,2.870000,2.870000,2.800000,2.820000,2.820000,10752000
2016-09-29,2.840000,2.870000,2.800000,2.810000,2.810000,13107100
2016-09-30,2.830000,2.930000,2.810000,2.910000,2.910000,16957800
2016-10-03,2.910000,2.920000,2.840000,2.860000,2.860000,12978800
2016-10-04,2.850000,2.920000,2.850000,2.890000,2.890000,12449700
2016-10-05,2.900000,3.020000,2.880000,2.970000,2.970000,19896200
2016-10-06,2.980000,2.990000,2.910000,2.920000,2.920000,11588600
2016-10-07,2.930000,2.950000,2.870000,2.940000,2.940000,12856100
2016-10-10,2.950000,3.040000,2.940000,3.010000,3.010000,17296300
2016-10-11,2.920000,2.960000,2.840000,2.890000,2.890000,23665800
2016-10-12,2.900000,2.970000,2.860000,2.940000,2.940000,16382500
2016-10-13,2.910000,2.940000,2.850000,2.900000,2.900000,13474900
2016-10-14,2.910000,2.950000,2.840000,2.850000,2.850000,22926500
2016-10-17,2.780000,2.850000,2.780000,2.780000,2.780000,11592000
2016-10-18,2.830000,2.890000,2.810000,2.820000,2.820000,13737100
2016-10-19,2.820000,2.890000,2.820000,2.880000,2.880000,8765400
2016-10-20,2.870000,2.920000,2.860000,2.910000,2.910000,11602900
2016-10-21,2.890000,2.920000,2.860000,2.880000,2.880000,3306700
2016-10-24,2.900000,2.940000,2.890000,2.940000,2.940000,6183000
2016-10-25,2.940000,2.960000,2.910000,2.910000,2.910000,4076400
2016-10-26,2.900000,2.900000,2.800000,2.820000,2.820000,8227200
2016-10-27,2.820000,2.850000,2.780000,2.780000,2.780000,8939000
2016-10-28,2.790000,2.840000,2.770000,2.820000,2.820000,13067400
2016-10-31,2.820000,2.830000,2.760000,2.810000,2.810000,5711400
2016-11-01,2.810000,2.890000,2.770000,2.800000,2.800000,8512200
2016-11-02,2.800000,2.840000,2.700000,2.740000,2.740000,19968000
2016-11-03,2.710000,2.860000,2.700000,2.760000,2.760000,22734300
2016-11-04,2.740000,2.810000,2.720000,2.730000,2.730000,11180500
2016-11-07,2.760000,2.830000,2.710000,2.730000,2.730000,13867200
2016-11-08,2.730000,2.900000,2.710000,2.880000,2.880000,19098000
2016-11-09,2.850000,2.880000,2.760000,2.820000,2.820000,12526700
2016-11-10,2.810000,2.860000,2.750000,2.800000,2.800000,8032000
2016-11-11,2.780000,2.900000,2.750000,2.890000,2.890000,7992500
2016-11-14,2.880000,2.920000,2.850000,2.850000,2.850000,7665100
2016-11-15,2.850000,2.930000,2.840000,2.850000,2.850000,10524600
2016-11-16,2.800000,2.840000,2.780000,2.810000,2.810000,18124100
2016-11-17,2.820000,2.840000,2.800000,2.800000,2.800000,7427400
2016-11-18,2.800000,2.830000,2.790000,2.800000,2.800000,9686300
2016-11-21,2.810000,2.810000,2.780000,2.800000,2.800000,3858800
2016-11-22,2.800000,2.830000,2.780000,2.790000,2.790000,8286300
2016-11-23,2.790000,2.860000,2.790000,2.850000,2.850000,4364400
2016-11-25,2.890000,2.920000,2.870000,2.880000,2.880000,2216000
2016-11-28,2.860000,2.900000,2.840000,2.850000,2.850000,4424200
2016-11-29,2.840000,2.890000,2.830000,2.870000,2.870000,6355500
2016-11-30,2.890000,2.900000,2.850000,2.860000,2.860000,5403300
2016-12-01,2.860000,2.900000,2.770000,2.870000,2.870000,18944500
2016-12-02,2.860000,2.890000,2.840000,2.860000,2.860000,5178600
2016-12-05,2.870000,2.970000,2.850000,2.950000,2.950000,8295500
2016-12-06,2.950000,2.960000,2.870000,2.920000,2.920000,16161800
2016-12-07,2.920000,3.020000,2.900000,3.000000,3.000000,14023700
2016-12-08,3.030000,3.080000,3.000000,3.010000,3.010000,11846200
2016-12-09,3.050000,3.050000,2.900000,2.930000,2.930000,14950100
2016-12-12,2.920000,2.960000,2.880000,2.880000,2.880000,11855800
2016-12-13,2.910000,2.940000,2.800000,2.810000,2.810000,9293400
2016-12-14,2.800000,2.810000,2.750000,2.790000,2.790000,7833800
2016-12-15,2.800000,2.840000,2.780000,2.830000,2.830000,8374700
2016-12-16,2.810000,2.840000,2.730000,2.760000,2.760000,11443100
2016-12-19,2.780000,2.780000,2.640000,2.680000,2.680000,18371500
2016-12-20,2.690000,2.740000,2.680000,2.690000,2.690000,7547300
2016-12-21,2.690000,2.700000,2.630000,2.650000,2.650000,6430400
2016-12-22,2.650000,2.650000,2.520000,2.560000,2.560000,15014000
2016-12-23,2.600000,2.630000,2.560000,2.590000,2.590000,10740300
2016-12-27,2.620000,2.650000,2.550000,2.590000,2.590000,6829900
2016-12-28,2.580000,2.600000,2.550000,2.580000,2.580000,4177100
2016-12-29,2.580000,2.620000,2.570000,2.600000,2.600000,4748600
2016-12-30,2.580000,2.600000,2.560000,2.570000,2.570000,7396600
2017-01-03,2.600000,2.650000,2.560000,2.650000,2.650000,19617100
2017-01-04,2.660000,2.730000,2.620000,2.690000,2.690000,9611300
2017-01-05,2.690000,2.710000,2.630000,2.650000,2.650000,5955700
2017-01-06,2.670000,2.730000,2.640000,2.720000,2.720000,5996000
2017-01-09,2.710000,2.760000,2.660000,2.660000,2.660000,10597000
2017-01-10,2.660000,2.690000,2.600000,2.600000,2.600000,9396600
2017-01-11,2.590000,2.640000,2.570000,2.630000,2.630000,8814000
2017-01-12,2.650000,2.690000,2.610000,2.670000,2.670000,7578300
2017-01-13,2.680000,2.690000,2.600000,2.640000,2.640000,10329100
2017-01-17,2.600000,2.650000,2.600000,2.630000,2.630000,4166000
2017-01-18,2.630000,2.640000,2.590000,2.610000,2.610000,2644200
2017-01-19,2.620000,2.650000,2.620000,2.630000,2.630000,4169000
2017-01-20,2.650000,2.650000,2.590000,2.640000,2.640000,9480100
2017-01-23,2.620000,2.630000,2.580000,2.600000,2.600000,6817900
2017-01-24,2.590000,2.610000,2.520000,2.550000,2.550000,15117100
2017-01-25,2.560000,2.610000,2.540000,2.600000,2.600000,12675600
2017-01-26,2.600000,2.620000,2.560000,2.570000,2.570000,8609100
2017-01-27,2.570000,2.590000,2.550000,2.570000,2.570000,9792900
2017-01-30,2.550000,2.600000,2.530000,2.600000,2.600000,4880300
2017-01-31,2.570000,2.600000,2.510000,2.520000,2.520000,12791000
2017-02-01,2.550000,2.570000,2.530000,2.550000,2.550000,9094300
2017-02-02,2.540000,2.560000,2.530000,2.540000,2.540000,5993300
2017-02-03,2.540000,2.560000,2.530000,2.550000,2.550000,7479700
2017-02-06,2.540000,2.550000,2.500000,2.540000,2.540000,13943400
2017-02-07,2.550000,2.580000,2.430000,2.570000,2.570000,27674800
2017-02-08,2.560000,2.560000,2.480000,2.500000,2.500000,24982800
2017-02-09,2.540000,2.570000,2.470000,2.520000,2.520000,17413700
2017-02-10,2.450000,2.650000,2.400000,2.580000,2.580000,18771400
2017-02-13,2.600000,2.650000,2.530000,2.630000,2.630000,11192100
2017-02-14,2.580000,2.740000,2.570000,2.700000,2.700000,10346300
2017-02-15,2.590000,2.690000,2.550000,2.670000,2.670000,31621000
2017-02-16,2.610000,2.660000,2.610000,2.630000,2.630000,7154600
2017-02-17,2.620000,2.700000,2.620000,2.680000,2.680000,11927700
2017-02-21,2.670000,2.710000,2.660000,2.710000,2.710000,10078100
2017-02-22,2.700000,2.850000,2.700000,2.830000,2.830000,23266000
2017-02-23,2.830000,2.840000,2.700000,2.710000,2.710000,9845100
2017-02-24,2.690000,2.730000,2.670000,2.700000,2.700000,6418900
2017-02-27,2.670000,2.710000,2.650000,2.690000,2.690000,11509600
2017-02-28,2.680000,2.700000,2.640000,2.650000,2.650000,9373800
2017-03-01,2.700000,2.740000,2.680000,2.710000,2.710000,11395500
2017-03-02,2.720000,2.750000,2.710000,2.740000,2.740000,6781000
2017-03-03,2.710000,2.810000,2.700000,2.780000,2.780000,11338000
2017-03-06,2.750000,2.770000,2.750000,2.750000,2.750000,4051900
2017-03-07,2.750000,2.760000,2.720000,2.740000,2.740000,4019100
2017-03-08,2.750000,2.760000,2.730000,2.740000,2.740000,2558200
2017-03-09,2.740000,2.760000,2.730000,2.750000,2.750000,4066800
2017-03-10,2.760000,2.840000,2.760000,2.820000,2.820000,7076700
2017-03-13,2.830000,2.850000,2.800000,2.810000,2.810000,4669300
2017-03-14,2.800000,2.810000,2.770000,2.780000,2.780000,5267500
2017-03-15,2.790000,2.870000,2.780000,2.840000,2.840000,5601800
2017-03-16,2.730000,2.860000,2.730000,2.840000,2.840000,6820000
2017-03-17,2.820000,2.840000,2.790000,2.800000,2.800000,7241000
2017-03-20,2.790000,2.830000,2.780000,2.800000,2.800000,7977100
2017-03-21,2.800000,2.830000,2.740000,2.760000,2.760000,5687100
2017-03-22,2.730000,2.760000,2.710000,2.760000,2.760000,3275100
2017-03-23,2.750000,2.830000,2.740000,2.810000,2.810000,9012500
2017-03-24,2.790000,2.840000,2.790000,2.800000,2.800000,4035700
2017-03-27,2.760000,2.810000,2.760000,2.810000,2.810000,3034500
2017-03-28,2.800000,2.850000,2.790000,2.820000,2.820000,7217400
2017-03-29,2.810000,2.850000,2.810000,2.830000,2.830000,3889300
2017-03-30,2.840000,2.950000,2.830000,2.880000,2.880000,22848000
2017-03-31,2.900000,2.920000,2.840000,2.850000,2.850000,5422000
2017-04-03,2.850000,2.860000,2.790000,2.830000,2.830000,5268000
2017-04-04,2.810000,2.840000,2.790000,2.790000,2.790000,9823800
2017-04-05,2.790000,2.820000,2.780000,2.780000,2.780000,7753400
2017-04-06,2.810000,2.820000,2.780000,2.800000,2.800000,4623800
2017-04-07,2.790000,2.870000,2.780000,2.800000,2.800000,4012600
2017-04-10,2.810000,2.830000,2.760000,2.790000,2.790000,17655300
2017-04-11,2.790000,2.830000,2.780000,2.790000,2.790000,10170300
2017-04-12,2.790000,2.810000,2.770000,2.780000,2.780000,2941800
2017-04-13,2.770000,2.810000,2.760000,2.770000,2.770000,3044600
2017-04-17,2.730000,2.800000,2.730000,2.780000,2.780000,6556100
2017-04-18,2.770000,2.830000,2.770000,2.820000,2.820000,22883300
2017-04-19,2.810000,2.850000,2.790000,2.820000,2.820000,5771200
2017-04-20,2.840000,2.850000,2.820000,2.820000,2.820000,2892700
2017-04-21,2.800000,2.820000,2.770000,2.790000,2.790000,5321300
2017-04-24,2.820000,2.860000,2.790000,2.860000,2.860000,6127500
2017-04-25,2.850000,2.900000,2.820000,2.860000,2.860000,6989300
2017-04-26,2.850000,2.900000,2.820000,2.820000,2.820000,12697800
2017-04-27,2.840000,2.870000,2.820000,2.840000,2.840000,4550100
2017-04-28,2.860000,2.940000,2.810000,2.890000,2.890000,8824400
2017-05-01,2.900000,2.940000,2.840000,2.870000,2.870000,9310100
2017-05-02,2.850000,2.930000,2.840000,2.910000,2.910000,5429900
2017-05-03,2.910000,2.910000,2.850000,2.900000,2.900000,3128900
2017-05-04,2.900000,2.930000,2.840000,2.840000,2.840000,11887800
2017-05-05,3.020000,3.230000,2.960000,3.200000,3.200000,42217100
2017-05-08,3.220000,3.400000,3.170000,3.340000,3.340000,34813600
2017-05-09,3.280000,3.360000,3.220000,3.330000,3.330000,18887200
2017-05-10,3.340000,3.390000,3.310000,3.370000,3.370000,9947900
2017-05-11,3.330000,3.400000,3.260000,3.400000,3.400000,11306600
2017-05-12,3.350000,3.400000,3.320000,3.320000,3.320000,8879200
2017-05-15,3.310000,3.430000,3.300000,3.390000,3.390000,16077200
2017-05-16,3.400000,3.520000,3.380000,3.490000,3.490000,20377600
2017-05-17,3.410000,3.470000,3.350000,3.370000,3.370000,16566600
2017-05-18,3.350000,3.450000,3.350000,3.400000,3.400000,19350100
2017-05-19,3.430000,3.510000,3.410000,3.450000,3.450000,16499000
2017-05-22,3.450000,3.480000,3.400000,3.440000,3.440000,6198000
2017-05-23,3.470000,3.520000,3.400000,3.500000,3.500000,12357000
2017-05-24,3.500000,3.600000,3.460000,3.580000,3.580000,11845600
2017-05-25,3.590000,3.630000,3.450000,3.490000,3.490000,15632300
2017-05-26,3.480000,3.510000,3.400000,3.490000,3.490000,7998200
2017-05-30,3.550000,3.620000,3.490000,3.600000,3.600000,22613400
2017-05-31,3.610000,3.630000,3.500000,3.520000,3.520000,14839400
2017-06-01,3.540000,3.650000,3.530000,3.580000,3.580000,15706200
2017-06-02,3.600000,3.700000,3.540000,3.630000,3.630000,17037100
2017-06-05,3.640000,3.680000,3.600000,3.610000,3.610000,10820800
2017-06-06,3.600000,3.690000,3.580000,3.610000,3.610000,10057200
2017-06-07,3.630000,3.640000,3.550000,3.590000,3.590000,11672800
2017-06-08,3.590000,3.610000,3.550000,3.580000,3.580000,10965400
2017-06-09,3.720000,3.820000,3.600000,3.710000,3.710000,42274500
2017-06-12,3.700000,3.700000,3.530000,3.580000,3.580000,20042300
2017-06-13,3.620000,3.630000,3.480000,3.510000,3.510000,13135000
2017-06-14,3.550000,3.600000,3.440000,3.530000,3.530000,22225600
2017-06-15,3.530000,3.730000,3.490000,3.650000,3.650000,25761000
2017-06-16,3.640000,3.740000,3.630000,3.690000,3.690000,17888200
2017-06-19,3.690000,3.700000,3.600000,3.680000,3.680000,10454900
2017-06-20,3.650000,3.720000,3.600000,3.620000,3.620000,12935300
2017-06-21,3.640000,3.670000,3.580000,3.640000,3.640000,11314800
2017-06-22,3.630000,3.650000,3.600000,3.620000,3.620000,5380800
2017-06-23,3.620000,3.790000,3.610000,3.790000,3.790000,23223900
2017-06-26,3.790000,3.860000,3.730000,3.780000,3.780000,14680100
2017-06-27,3.780000,3.810000,3.690000,3.710000,3.710000,10250300
2017-06-28,3.730000,3.740000,3.670000,3.710000,3.710000,16963700
2017-06-29,3.720000,3.730000,3.590000,3.610000,3.610000,15707200
2017-06-30,3.620000,3.690000,3.570000,3.640000,3.640000,10056400
2017-07-03,3.650000,3.660000,3.610000,3.620000,3.620000,3913000
2017-07-05,3.640000,3.690000,3.530000,3.590000,3.590000,10673000
2017-07-06,3.570000,3.570000,3.470000,3.500000,3.500000,15011600
2017-07-07,3.530000,3.640000,3.520000,3.600000,3.600000,7300200
2017-07-10,3.580000,3.670000,3.560000,3.620000,3.620000,5603100
2017-07-11,3.600000,3.640000,3.570000,3.600000,3.600000,5023200
2017-07-12,3.610000,3.650000,3.600000,3.640000,3.640000,7218200
2017-07-13,3.640000,3.650000,3.540000,3.560000,3.560000,13526400
2017-07-14,3.570000,3.650000,3.570000,3.650000,3.650000,5939900
2017-07-17,3.650000,3.670000,3.560000,3.580000,3.580000,6962500
2017-07-18,3.580000,3.650000,3.550000,3.650000,3.650000,6536700
2017-07-19,3.640000,3.700000,3.580000,3.700000,3.700000,6738400
2017-07-20,3.700000,3.830000,3.700000,3.760000,3.760000,17752600
2017-07-21,3.730000,3.820000,3.660000,3.780000,3.780000,12764500
2017-07-24,3.760000,3.810000,3.730000,3.750000,3.750000,5379900
2017-07-25,3.760000,3.780000,3.720000,3.740000,3.740000,5681600
2017-07-26,3.740000,3.760000,3.700000,3.720000,3.720000,3199000
2017-07-27,3.730000,3.780000,3.590000,3.660000,3.660000,7422700
2017-07-28,3.650000,3.660000,3.600000,3.640000,3.640000,10764700
2017-07-31,3.650000,3.680000,3.590000,3.610000,3.610000,9091700
2017-08-01,3.610000,3.680000,3.570000,3.620000,3.620000,9244400
2017-08-02,3.650000,3.670000,3.490000,3.580000,3.580000,19414000
2017-08-03,3.790000,3.810000,3.580000,3.690000,3.690000,32111400
2017-08-04,3.630000,3.670000,3.530000,3.570000,3.570000,15340000
2017-08-07,3.570000,3.630000,3.540000,3.600000,3.600000,11725400
2017-08-08,3.590000,3.750000,3.580000,3.710000,3.710000,20236100
2017-08-09,3.650000,3.780000,3.650000,3.760000,3.760000,10319800
2017-08-10,3.720000,3.750000,3.600000,3.620000,3.620000,7742800
2017-08-11,3.620000,3.660000,3.580000,3.630000,3.630000,7401800
2017-08-14,3.660000,3.670000,3.560000,3.580000,3.580000,10641300
2017-08-15,3.610000,3.670000,3.590000,3.620000,3.620000,8839100
2017-08-16,3.610000,3.640000,3.560000,3.620000,3.620000,7344300
2017-08-17,3.600000,3.620000,3.550000,3.570000,3.570000,5755800
2017-08-18,3.560000,3.650000,3.540000,3.620000,3.620000,5760500
2017-08-21,3.600000,3.640000,3.570000,3.600000,3.600000,3365000
2017-08-22,3.600000,3.670000,3.580000,3.650000,3.650000,5139100
2017-08-23,3.640000,3.680000,3.620000,3.620000,3.620000,5021200
2017-08-24,3.600000,3.680000,3.600000,3.670000,3.670000,5192700
2017-08-25,3.660000,3.700000,3.610000,3.620000,3.620000,3917700
2017-08-28,3.610000,3.650000,3.590000,3.630000,3.630000,6133200
2017-08-29,3.580000,3.650000,3.580000,3.620000,3.620000,7532400
2017-08-30,3.620000,3.770000,3.610000,3.740000,3.740000,12632000
2017-08-31,3.710000,3.790000,3.690000,3.750000,3.750000,9719500
2017-09-01,3.770000,3.790000,3.720000,3.740000,3.740000,6748800
2017-09-05,3.720000,3.730000,3.630000,3.660000,3.660000,5281200
2017-09-06,3.670000,3.680000,3.570000,3.610000,3.610000,6713100
2017-09-07,3.610000,3.740000,3.610000,3.690000,3.690000,12970900
2017-09-08,3.700000,3.760000,3.650000,3.680000,3.680000,6344600
2017-09-11,3.720000,3.750000,3.690000,3.740000,3.740000,4049900
2017-09-12,3.740000,3.820000,3.720000,3.790000,3.790000,11973500
2017-09-13,3.790000,4.020000,3.770000,3.840000,3.840000,24122100
2017-09-14,3.910000,3.910000,3.740000,3.770000,3.770000,6001500
2017-09-15,3.790000,3.850000,3.750000,3.820000,3.820000,6186900
2017-09-18,3.790000,3.880000,3.780000,3.830000,3.830000,12133800
2017-09-19,3.850000,3.930000,3.790000,3.880000,3.880000,22555500
2017-09-20,3.940000,4.020000,3.880000,3.910000,3.910000,25769100
2017-09-21,3.950000,3.950000,3.860000,3.870000,3.870000,4610100
2017-09-22,3.860000,3.890000,3.830000,3.850000,3.850000,6159400
2017-09-25,3.860000,3.870000,3.730000,3.810000,3.810000,8874600
2017-09-26,3.810000,3.810000,3.680000,3.700000,3.700000,15627200
2017-09-27,3.720000,3.770000,3.690000,3.730000,3.730000,5166400
2017-09-28,3.710000,3.760000,3.690000,3.730000,3.730000,8978300
2017-09-29,3.750000,3.790000,3.680000,3.780000,3.780000,9851600
2017-10-02,3.790000,3.880000,3.760000,3.840000,3.840000,10103300
2017-10-03,3.830000,3.850000,3.790000,3.840000,3.840000,4929000
2017-10-04,3.850000,3.860000,3.790000,3.820000,3.820000,5940900
2017-10-05,3.820000,3.840000,3.740000,3.820000,3.820000,7880900
2017-10-06,3.800000,3.820000,3.760000,3.790000,3.790000,8598900
2017-10-09,3.710000,3.760000,3.700000,3.720000,3.720000,4905700
2017-10-10,3.730000,3.740000,3.660000,3.710000,3.710000,4708400
2017-10-11,3.710000,3.730000,3.690000,3.700000,3.700000,3532900
2017-10-12,3.700000,3.760000,3.680000,3.740000,3.740000,4605500
2017-10-13,3.760000,3.870000,3.740000,3.830000,3.830000,11628900
2017-10-16,3.830000,3.860000,3.800000,3.840000,3.840000,4400000
2017-10-17,3.840000,3.850000,3.800000,3.840000,3.840000,2309000
2017-10-18,3.870000,3.950000,3.850000,3.880000,3.880000,15820300
2017-10-19,3.860000,3.990000,3.840000,3.920000,3.920000,17310100
2017-10-20,3.940000,3.970000,3.860000,3.940000,3.940000,12179000
2017-10-23,3.950000,3.950000,3.850000,3.870000,3.870000,4423500
2017-10-24,3.850000,3.880000,3.790000,3.790000,3.790000,5055000
2017-10-25,3.780000,3.790000,3.630000,3.760000,3.760000,14484100
2017-10-26,3.780000,3.780000,3.670000,3.730000,3.730000,7278500
2017-10-27,3.730000,3.780000,3.690000,3.770000,3.770000,5417100
2017-10-30,3.770000,3.850000,3.760000,3.820000,3.820000,6300100
2017-10-31,3.820000,3.900000,3.800000,3.900000,3.900000,9213000
2017-11-01,3.910000,3.910000,3.790000,3.840000,3.840000,8750000
2017-11-02,3.850000,3.890000,3.800000,3.880000,3.880000,6604500
2017-11-03,3.880000,3.970000,3.860000,3.920000,3.920000,12539400
2017-11-06,3.930000,3.940000,3.860000,3.860000,3.860000,8421600
2017-11-07,3.890000,3.890000,3.630000,3.670000,3.670000,28858800
2017-11-08,3.800000,4.090000,3.760000,3.830000,3.830000,37656400
2017-11-09,3.800000,3.930000,3.720000,3.900000,3.900000,13551600
2017-11-10,3.870000,3.960000,3.850000,3.890000,3.890000,8313000
2017-11-13,3.850000,3.930000,3.840000,3.870000,3.870000,5706500
2017-11-14,3.840000,3.890000,3.830000,3.850000,3.850000,4259500
2017-11-15,3.840000,3.870000,3.820000,3.840000,3.840000,7391900
2017-11-16,3.840000,3.950000,3.830000,3.900000,3.900000,5711700
2017-11-17,3.870000,3.950000,3.870000,3.940000,3.940000,4536300
2017-11-20,3.920000,4.040000,3.920000,4.020000,4.020000,8110900
2017-11-21,4.000000,4.140000,4.000000,4.110000,4.110000,13782800
2017-11-22,4.120000,4.150000,4.040000,4.060000,4.060000,5677700
2017-11-24,4.090000,4.100000,4.070000,4.080000,4.080000,1172200
2017-11-27,4.060000,4.180000,4.030000,4.170000,4.170000,8525200
2017-11-28,4.170000,4.300000,4.100000,4.280000,4.280000,24487700
2017-11-29,4.300000,4.340000,4.050000,4.050000,4.050000,14176000
2017-11-30,4.090000,4.140000,4.030000,4.100000,4.100000,9655000
2017-12-01,4.080000,4.090000,3.890000,3.960000,3.960000,10815600
2017-12-04,3.970000,4.000000,3.770000,3.800000,3.800000,12068400
2017-12-05,3.810000,3.840000,3.740000,3.770000,3.770000,7303200
2017-12-06,3.780000,3.800000,3.700000,3.700000,3.700000,5933100
2017-12-07,3.730000,3.870000,3.730000,3.820000,3.820000,9557400
2017-12-08,3.850000,3.870000,3.780000,3.780000,3.780000,3963400
2017-12-11,3.810000,3.930000,3.780000,3.930000,3.930000,8452300
2017-12-12,3.920000,4.050000,3.900000,3.980000,3.980000,10871800
2017-12-13,3.970000,4.030000,3.950000,4.010000,4.010000,7464400
2017-12-14,4.010000,4.040000,3.970000,4.000000,4.000000,6485900
2017-12-15,4.010000,4.070000,3.970000,4.040000,4.040000,9549800
2017-12-18,4.100000,4.100000,4.010000,4.060000,4.060000,5945200
2017-12-19,4.090000,4.090000,3.910000,3.970000,3.970000,7586800
2017-12-20,3.970000,3.990000,3.930000,3.960000,3.960000,4470600
2017-12-21,3.970000,4.020000,3.940000,4.020000,4.020000,7624900
2017-12-22,3.980000,4.000000,3.930000,4.000000,4.000000,10170300
2017-12-26,3.970000,3.970000,3.910000,3.950000,3.950000,4379600
2017-12-27,3.950000,4.020000,3.940000,4.010000,4.010000,11638200
2017-12-28,4.000000,4.010000,3.930000,3.970000,3.970000,5099200
2017-12-29,3.990000,4.000000,3.930000,4.000000,4.000000,5264500
2018-01-02,3.940000,4.040000,3.920000,3.920000,3.920000,12411100
2018-01-03,3.950000,4.090000,3.900000,4.020000,4.020000,23113000
2018-01-04,4.040000,4.050000,3.840000,3.890000,3.890000,10648300
2018-01-05,3.920000,3.930000,3.840000,3.890000,3.890000,9962100
2018-01-08,3.900000,3.920000,3.820000,3.910000,3.910000,8992800
2018-01-09,3.910000,3.920000,3.860000,3.880000,3.880000,5427300
2018-01-10,3.890000,3.900000,3.850000,3.890000,3.890000,3562800
2018-01-11,3.900000,3.970000,3.880000,3.970000,3.970000,9402800
2018-01-12,3.970000,3.980000,3.890000,3.970000,3.970000,7703800
2018-01-16,3.970000,3.970000,3.760000,3.800000,3.800000,10238000
2018-01-17,3.800000,3.840000,3.740000,3.800000,3.800000,68719400
2018-01-18,3.810000,3.820000,3.720000,3.750000,3.750000,20010600
2018-01-19,3.770000,3.770000,3.680000,3.720000,3.720000,12892900
2018-01-22,3.740000,3.750000,3.710000,3.730000,3.730000,9011800
2018-01-23,3.750000,3.770000,3.710000,3.720000,3.720000,11843200
2018-01-24,3.740000,3.750000,3.650000,3.650000,3.650000,11778100
2018-01-25,3.670000,3.740000,3.660000,3.690000,3.690000,7649000
2018-01-26,3.780000,3.780000,3.680000,3.730000,3.730000,11855800
2018-01-29,3.690000,3.710000,3.650000,3.670000,3.670000,7668000
2018-01-30,3.620000,3.650000,3.480000,3.600000,3.600000,19342100
2018-01-31,3.600000,3.650000,3.570000,3.580000,3.580000,9362300
2018-02-01,3.560000,3.740000,3.540000,3.690000,3.690000,8669900
2018-02-02,3.680000,3.700000,3.590000,3.610000,3.610000,8796000
2018-02-05,3.550000,3.680000,3.500000,3.510000,3.510000,15063000
2018-02-06,3.460000,3.580000,3.420000,3.570000,3.570000,12506500
2018-02-07,3.600000,3.690000,3.510000,3.690000,3.690000,28363100
2018-02-08,3.850000,3.860000,3.450000,3.490000,3.490000,46295900
2018-02-09,3.520000,3.530000,3.200000,3.310000,3.310000,35410700
2018-02-12,3.350000,3.450000,3.320000,3.420000,3.420000,26513600
2018-02-13,3.420000,3.470000,3.390000,3.450000,3.450000,11955500
2018-02-14,3.440000,3.540000,3.420000,3.490000,3.490000,12585200
2018-02-15,3.510000,3.620000,3.480000,3.570000,3.570000,16223000
2018-02-16,3.590000,3.620000,3.530000,3.590000,3.590000,7573100
2018-02-20,3.550000,3.590000,3.500000,3.570000,3.570000,7263400
2018-02-21,3.560000,3.650000,3.540000,3.560000,3.560000,10014300
2018-02-22,3.560000,3.580000,3.470000,3.520000,3.520000,10999300
2018-02-23,3.510000,3.610000,3.490000,3.600000,3.600000,11305400
2018-02-26,3.610000,3.660000,3.570000,3.610000,3.610000,8418100
2018-02-27,3.580000,3.630000,3.500000,3.500000,3.500000,9954100
2018-02-28,3.530000,3.550000,3.460000,3.460000,3.460000,8847300
2018-03-01,3.490000,3.500000,3.370000,3.440000,3.440000,10635500
2018-03-02,3.440000,3.550000,3.420000,3.530000,3.530000,5004000
2018-03-05,3.500000,3.620000,3.490000,3.600000,3.600000,6305400
2018-03-06,3.600000,3.610000,3.520000,3.550000,3.550000,5341800
2018-03-07,3.540000,3.690000,3.520000,3.670000,3.670000,14104100
2018-03-08,3.660000,3.730000,3.650000,3.710000,3.710000,12534600
2018-03-09,3.720000,3.760000,3.690000,3.720000,3.720000,10580400
2018-03-12,3.710000,3.770000,3.710000,3.750000,3.750000,6681300
2018-03-13,3.710000,3.770000,3.670000,3.700000,3.700000,11991400
2018-03-14,3.690000,3.800000,3.660000,3.770000,3.770000,10405200
2018-03-15,3.780000,3.930000,3.770000,3.860000,3.860000,13219900
2018-03-16,3.860000,3.910000,3.780000,3.820000,3.820000,8645700
2018-03-19,3.780000,3.850000,3.700000,3.750000,3.750000,10608700
2018-03-20,3.760000,3.830000,3.740000,3.830000,3.830000,6887900
2018-03-21,3.850000,3.940000,3.810000,3.940000,3.940000,17595900
2018-03-22,3.880000,3.940000,3.800000,3.810000,3.810000,15946400
2018-03-23,3.810000,3.860000,3.790000,3.800000,3.800000,9942700
2018-03-26,3.850000,3.860000,3.780000,3.850000,3.850000,9076000
2018-03-27,3.850000,3.850000,3.680000,3.700000,3.700000,11097200
2018-03-28,3.690000,3.750000,3.650000,3.680000,3.680000,10905700
2018-03-29,3.700000,3.740000,3.610000,3.660000,3.660000,11176000
2018-04-02,3.640000,3.650000,3.500000,3.550000,3.550000,9707000
2018-04-03,3.570000,3.580000,3.390000,3.450000,3.450000,15237100
2018-04-04,3.390000,3.540000,3.340000,3.520000,3.520000,9948300
2018-04-05,3.560000,3.560000,3.440000,3.520000,3.520000,17717200
2018-04-06,3.480000,3.510000,3.410000,3.440000,3.440000,10457400
2018-04-09,3.460000,3.490000,3.400000,3.480000,3.480000,8085300
2018-04-10,3.490000,3.530000,3.450000,3.520000,3.520000,6745700
2018-04-11,3.530000,3.540000,3.470000,3.530000,3.530000,7833600
2018-04-12,3.530000,3.590000,3.510000,3.550000,3.550000,4472000
2018-04-13,3.590000,3.590000,3.490000,3.500000,3.500000,5132500
2018-04-16,3.510000,3.570000,3.480000,3.550000,3.550000,3668200
2018-04-17,3.600000,3.630000,3.580000,3.600000,3.600000,4282000
2018-04-18,3.580000,3.650000,3.550000,3.630000,3.630000,4541500
2018-04-19,3.630000,3.690000,3.600000,3.630000,3.630000,6095600
2018-04-20,3.600000,3.630000,3.510000,3.530000,3.530000,4781000
2018-04-23,3.520000,3.560000,3.480000,3.490000,3.490000,5258100
2018-04-24,3.490000,3.560000,3.410000,3.470000,3.470000,6030700
2018-04-25,3.460000,3.490000,3.390000,3.410000,3.410000,7908800
2018-04-26,3.440000,3.500000,3.420000,3.440000,3.440000,8638100
2018-04-27,3.470000,3.520000,3.430000,3.480000,3.480000,4567600
2018-04-30,3.480000,3.500000,3.400000,3.450000,3.450000,8668800
2018-05-01,3.430000,3.530000,3.430000,3.520000,3.520000,7752100
2018-05-02,3.520000,3.650000,3.500000,3.640000,3.640000,13005100
2018-05-03,3.660000,3.760000,3.510000,3.640000,3.640000,23253200
2018-05-04,3.610000,3.850000,3.600000,3.760000,3.760000,24089400
2018-05-07,3.790000,3.850000,3.730000,3.770000,3.770000,17325800
2018-05-08,3.750000,3.890000,3.720000,3.870000,3.870000,11968600
2018-05-09,3.900000,3.960000,3.870000,3.900000,3.900000,21277000
2018-05-10,3.950000,3.980000,3.890000,3.930000,3.930000,13608700
2018-05-11,3.910000,3.970000,3.860000,3.960000,3.960000,8843700
2018-05-14,3.960000,4.020000,3.940000,4.000000,4.000000,13992300
2018-05-15,3.970000,4.090000,3.880000,4.070000,4.070000,19396800
2018-05-16,4.060000,4.130000,4.020000,4.060000,4.060000,14993400
2018-05-17,4.050000,4.130000,4.020000,4.080000,4.080000,28767800
2018-05-18,4.090000,4.210000,4.060000,4.180000,4.180000,22072000
2018-05-21,4.180000,4.190000,4.060000,4.090000,4.090000,9678900
2018-05-22,4.090000,4.160000,4.060000,4.080000,4.080000,9784100
2018-05-23,4.070000,4.140000,4.060000,4.130000,4.130000,6392700
2018-05-24,4.140000,4.180000,4.070000,4.140000,4.140000,7832800
2018-05-25,4.120000,4.220000,4.110000,4.170000,4.170000,7422100
2018-05-29,4.160000,4.190000,4.130000,4.180000,4.180000,7346800
2018-05-30,4.200000,4.430000,4.200000,4.320000,4.320000,27960700
2018-05-31,4.340000,4.520000,4.330000,4.400000,4.400000,27117800
2018-06-01,4.460000,4.560000,4.380000,4.470000,4.470000,18961500
2018-06-04,4.500000,4.500000,4.330000,4.410000,4.410000,10066800
2018-06-05,4.410000,4.470000,4.360000,4.430000,4.430000,9125400
2018-06-06,4.440000,4.480000,4.380000,4.410000,4.410000,14936300
2018-06-07,4.400000,4.570000,4.400000,4.440000,4.440000,18098100
2018-06-08,4.450000,4.460000,4.360000,4.380000,4.380000,10664200
2018-06-11,4.380000,4.380000,4.330000,4.380000,4.380000,6171100
2018-06-12,4.390000,4.410000,4.250000,4.300000,4.300000,18374500
2018-06-13,4.280000,4.390000,4.260000,4.290000,4.290000,18546800
2018-06-14,4.330000,4.480000,4.310000,4.370000,4.370000,14663900
2018-06-15,4.380000,4.400000,4.310000,4.330000,4.330000,7431800
2018-06-18,4.300000,4.320000,4.250000,4.270000,4.270000,5704600
2018-06-19,4.250000,4.250000,4.130000,4.200000,4.200000,13914600
2018-06-20,4.210000,4.280000,4.200000,4.220000,4.220000,7814100
2018-06-21,4.220000,4.240000,4.120000,4.170000,4.170000,6693800
2018-06-22,4.160000,4.210000,4.070000,4.200000,4.200000,10095000
2018-06-25,4.180000,4.200000,4.020000,4.080000,4.080000,9429900
2018-06-26,4.090000,4.170000,4.080000,4.110000,4.110000,18208400
2018-06-27,4.150000,4.160000,3.970000,3.980000,3.980000,13758800
2018-06-28,3.960000,4.080000,3.920000,4.040000,4.040000,12580200
2018-06-29,4.050000,4.090000,4.040000,4.070000,4.070000,7305000
2018-07-02,4.030000,4.210000,4.020000,4.130000,4.130000,5869900
2018-07-03,4.140000,4.180000,4.090000,4.140000,4.140000,2366000
2018-07-05,4.140000,4.170000,4.070000,4.130000,4.130000,8375600
2018-07-06,4.130000,4.250000,4.120000,4.220000,4.220000,3756800
2018-07-09,4.250000,4.260000,4.150000,4.240000,4.240000,5772100
2018-07-10,4.250000,4.260000,4.170000,4.190000,4.190000,3984800
2018-07-11,4.180000,4.300000,4.140000,4.260000,4.260000,7392800
2018-07-12,4.290000,4.410000,4.230000,4.400000,4.400000,7385200
2018-07-13,4.410000,4.430000,4.310000,4.340000,4.340000,6769600
2018-07-16,4.330000,4.370000,4.230000,4.250000,4.250000,8454900
2018-07-17,4.200000,4.370000,4.180000,4.310000,4.310000,4446000
2018-07-18,4.340000,4.340000,4.220000,4.300000,4.300000,5854500
2018-07-19,4.300000,4.320000,4.230000,4.280000,4.280000,4381100
2018-07-20,4.290000,4.300000,4.210000,4.250000,4.250000,5370500
2018-07-23,4.240000,4.250000,4.150000,4.190000,4.190000,6344500
2018-07-24,4.200000,4.230000,4.100000,4.140000,4.140000,9858800
2018-07-25,4.140000,4.270000,4.140000,4.230000,4.230000,4339300
2018-07-26,4.200000,4.240000,4.110000,4.210000,4.210000,5551400
2018-07-27,4.200000,4.200000,3.970000,4.050000,4.050000,14103600
2018-07-30,4.040000,4.040000,3.800000,3.840000,3.840000,22789200
2018-07-31,3.890000,3.940000,3.750000,3.790000,3.790000,12949900
2018-08-01,3.850000,3.940000,3.830000,3.850000,3.850000,14981200
2018-08-02,3.950000,4.140000,3.920000,4.060000,4.060000,18679000
2018-08-03,3.950000,4.070000,3.950000,3.990000,3.990000,14611600
2018-08-06,3.980000,4.000000,3.890000,3.960000,3.960000,14583700
2018-08-07,3.980000,4.020000,3.930000,3.950000,3.950000,7495400
2018-08-08,3.940000,3.960000,3.880000,3.950000,3.950000,7495000
2018-08-09,3.850000,3.890000,3.810000,3.860000,3.860000,10893200
2018-08-10,3.840000,3.880000,3.780000,3.820000,3.820000,13176800
2018-08-13,3.820000,3.880000,3.790000,3.810000,3.810000,6972100
2018-08-14,3.820000,3.850000,3.760000,3.760000,3.760000,7996700
2018-08-15,3.750000,3.770000,3.650000,3.700000,3.700000,6760800
2018-08-16,3.710000,3.760000,3.680000,3.700000,3.700000,5303000
2018-08-17,3.700000,3.770000,3.680000,3.720000,3.720000,5965600
2018-08-20,3.740000,3.770000,3.680000,3.740000,3.740000,5321500
2018-08-21,3.730000,3.800000,3.700000,3.740000,3.740000,5305500
2018-08-22,4.120000,4.140000,4.010000,4.030000,4.030000,37775000
2018-08-23,4.050000,4.060000,3.900000,3.930000,3.930000,12136300
2018-08-24,3.930000,3.970000,3.900000,3.940000,3.940000,8479600
2018-08-27,3.940000,3.950000,3.860000,3.940000,3.940000,7252900
2018-08-28,3.910000,4.040000,3.890000,4.040000,4.040000,12320800
2018-08-29,4.050000,4.180000,4.000000,4.150000,4.150000,17568300
2018-08-30,4.140000,4.180000,4.100000,4.170000,4.170000,9337300
2018-08-31,4.130000,4.180000,4.080000,4.160000,4.160000,11353200
2018-09-04,4.170000,4.230000,4.150000,4.160000,4.160000,8460300
2018-09-05,4.140000,4.180000,3.990000,4.020000,4.020000,14394800
2018-09-06,4.030000,4.040000,3.900000,3.970000,3.970000,12105800
2018-09-07,3.960000,4.030000,3.880000,3.940000,3.940000,8983100
2018-09-10,3.980000,4.010000,3.930000,4.000000,4.000000,6378200
2018-09-11,3.980000,4.020000,3.940000,4.010000,4.010000,8834700
2018-09-12,4.020000,4.040000,3.930000,4.030000,4.030000,11196600
2018-09-13,4.030000,4.070000,3.960000,3.980000,3.980000,7317800
2018-09-14,4.000000,4.050000,4.000000,4.020000,4.020000,6568600
2018-09-17,4.060000,4.060000,3.940000,3.950000,3.950000,7147300
2018-09-18,3.950000,4.030000,3.950000,4.020000,4.020000,6866900
2018-09-19,4.000000,4.030000,3.890000,3.920000,3.920000,12290600
2018-09-20,3.920000,3.970000,3.890000,3.960000,3.960000,9604100
2018-09-21,3.950000,3.970000,3.910000,3.920000,3.920000,6818600
2018-09-24,3.900000,3.930000,3.850000,3.930000,3.930000,5628500
2018-09-25,3.920000,4.020000,3.910000,3.970000,3.970000,7662000
2018-09-26,3.990000,4.000000,3.930000,3.950000,3.950000,5108200
2018-09-27,3.950000,4.050000,3.930000,3.960000,3.960000,7833900
2018-09-28,4.050000,4.090000,3.990000,4.010000,4.010000,9177300
2018-10-01,4.060000,4.060000,4.000000,4.010000,4.010000,7231500
2018-10-02,4.040000,4.050000,3.950000,4.020000,4.020000,9139600
2018-10-03,4.020000,4.100000,3.990000,4.100000,4.100000,15888200
2018-10-04,4.090000,4.150000,4.030000,4.140000,4.140000,18932400
2018-10-05,4.120000,4.200000,3.970000,4.020000,4.020000,11601000
2018-10-08,4.000000,4.030000,3.820000,3.880000,3.880000,13111000
2018-10-09,3.860000,4.500000,3.830000,4.360000,4.360000,65172100
2018-10-10,4.400000,4.460000,4.190000,4.220000,4.220000,24608600
2018-10-11,4.230000,4.330000,4.150000,4.180000,4.180000,23783700
2018-10-12,4.280000,4.320000,4.160000,4.200000,4.200000,17662300
2018-10-15,4.250000,4.280000,4.070000,4.260000,4.260000,11285500
2018-10-16,4.270000,4.330000,4.220000,4.280000,4.280000,9342700
2018-10-17,4.270000,4.270000,4.140000,4.200000,4.200000,8414400
2018-10-18,4.180000,4.200000,4.010000,4.030000,4.030000,10804300
2018-10-19,4.080000,4.130000,3.990000,4.000000,4.000000,8894400
2018-10-22,4.000000,4.070000,3.970000,4.060000,4.060000,7456100
2018-10-23,4.000000,4.010000,3.870000,3.950000,3.950000,12547500
2018-10-24,3.990000,4.010000,3.800000,3.800000,3.800000,13959600
2018-10-25,3.850000,3.950000,3.840000,3.900000,3.900000,10655800
2018-10-26,3.870000,3.910000,3.780000,3.830000,3.830000,9282900
2018-10-29,3.890000,3.890000,3.580000,3.620000,3.620000,28440400
2018-10-30,3.610000,3.790000,3.600000,3.670000,3.670000,24350800
2018-10-31,3.750000,3.780000,3.580000,3.640000,3.640000,33753100
2018-11-01,3.540000,3.820000,3.520000,3.660000,3.660000,20423000
2018-11-02,3.660000,3.790000,3.570000,3.760000,3.760000,14270100
2018-11-05,3.750000,3.790000,3.600000,3.710000,3.710000,6504000
2018-11-06,3.720000,3.780000,3.670000,3.710000,3.710000,7166300
2018-11-07,3.750000,3.900000,3.710000,3.890000,3.890000,12420700
2018-11-08,3.840000,3.890000,3.760000,3.790000,3.790000,7843200
2018-11-09,3.740000,3.760000,3.570000,3.610000,3.610000,17009800
2018-11-12,3.600000,3.640000,3.460000,3.540000,3.540000,7763400
2018-11-13,3.570000,3.610000,3.480000,3.520000,3.520000,7422900
2018-11-14,3.540000,3.610000,3.490000,3.500000,3.500000,7603600
2018-11-15,3.510000,3.670000,3.490000,3.570000,3.570000,10986900
2018-11-16,3.580000,3.620000,3.490000,3.600000,3.600000,10715800
2018-11-19,3.570000,3.610000,3.410000,3.440000,3.440000,11598100
2018-11-20,3.370000,3.540000,3.360000,3.490000,3.490000,9922300
2018-11-21,3.530000,3.530000,3.460000,3.490000,3.490000,10405300
2018-11-23,3.470000,3.540000,3.450000,3.480000,3.480000,6796400
2018-11-26,3.510000,3.600000,3.490000,3.540000,3.540000,7473600
2018-11-27,3.520000,3.600000,3.510000,3.510000,3.510000,6743500
2018-11-28,3.490000,3.630000,3.320000,3.610000,3.610000,18390000
2018-11-29,3.580000,3.730000,3.540000,3.640000,3.640000,9625300
2018-11-30,3.640000,3.690000,3.610000,3.620000,3.620000,14585100
2018-12-03,3.670000,3.690000,3.510000,3.650000,3.650000,10996900
2018-12-04,3.550000,3.640000,3.530000,3.550000,3.550000,11133100
2018-12-06,3.510000,3.630000,3.480000,3.630000,3.630000,9283600
2018-12-07,3.610000,3.750000,3.570000,3.600000,3.600000,9362700
2018-12-10,3.600000,3.740000,3.600000,3.670000,3.670000,12684700
2018-12-11,3.810000,3.810000,3.620000,3.640000,3.640000,12913000
2018-12-12,3.700000,3.840000,3.670000,3.750000,3.750000,12212300
2018-12-13,3.780000,3.850000,3.720000,3.720000,3.720000,11428100
2018-12-14,3.720000,3.770000,3.630000,3.710000,3.710000,8193200
2018-12-17,3.700000,3.780000,3.670000,3.700000,3.700000,11153500
2018-12-18,3.720000,3.770000,3.660000,3.680000,3.680000,9712100
2018-12-19,3.680000,3.760000,3.670000,3.690000,3.690000,13940300
2018-12-20,3.700000,3.750000,3.490000,3.590000,3.590000,11700200
2018-12-21,3.700000,3.830000,3.580000,3.630000,3.630000,32768700
2018-12-24,3.610000,3.750000,3.600000,3.620000,3.620000,7100300
2018-12-26,3.640000,3.850000,3.640000,3.820000,3.820000,16154400
2018-12-27,3.770000,3.880000,3.730000,3.880000,3.880000,14644000
2018-12-28,3.860000,3.940000,3.790000,3.890000,3.890000,7666400
2018-12-31,3.900000,3.970000,3.850000,3.930000,3.930000,10814800
2019-01-02,3.900000,4.050000,3.890000,3.980000,3.980000,16053600
2019-01-03,3.950000,4.040000,3.870000,3.920000,3.920000,11487200
2019-01-04,4.000000,4.080000,3.940000,4.020000,4.020000,13673500
2019-01-07,4.010000,4.150000,3.990000,4.070000,4.070000,16605700
2019-01-08,4.120000,4.170000,4.070000,4.140000,4.140000,15493500
2019-01-09,4.160000,4.270000,4.130000,4.270000,4.270000,14251300
2019-01-10,4.260000,4.320000,4.190000,4.290000,4.290000,12477000
2019-01-11,4.290000,4.330000,4.240000,4.310000,4.310000,13145400
2019-01-14,4.280000,4.310000,4.230000,4.240000,4.240000,8262100
2019-01-15,4.250000,4.320000,4.230000,4.270000,4.270000,9508400
2019-01-16,4.300000,4.310000,4.220000,4.290000,4.290000,10672800
2019-01-17,4.290000,4.320000,4.250000,4.280000,4.280000,10118200
2019-01-18,4.300000,4.350000,4.260000,4.260000,4.260000,17572600
2019-01-22,4.260000,4.360000,4.240000,4.330000,4.330000,11919400
2019-01-23,4.350000,4.360000,4.210000,4.260000,4.260000,9731100
2019-01-24,4.250000,4.430000,4.250000,4.410000,4.410000,17214600
2019-01-25,4.430000,4.450000,4.330000,4.380000,4.380000,12674300
2019-01-28,4.410000,4.460000,4.330000,4.380000,4.380000,39244700
2019-01-29,4.380000,4.440000,4.320000,4.420000,4.420000,7987400
2019-01-30,4.470000,4.540000,4.410000,4.470000,4.470000,11105400
2019-01-31,4.450000,4.540000,4.440000,4.480000,4.480000,9908600
2019-02-01,4.490000,4.550000,4.480000,4.500000,4.500000,8314900
2019-02-04,4.550000,4.590000,4.480000,4.520000,4.520000,11189500
2019-02-05,4.530000,4.600000,4.480000,4.580000,4.580000,14254900
2019-02-06,4.560000,4.580000,4.330000,4.510000,4.510000,29425800
2019-02-07,4.790000,4.860000,4.640000,4.740000,4.740000,32635600
2019-02-08,4.740000,4.890000,4.740000,4.880000,4.880000,12569000
2019-02-11,4.940000,5.000000,4.810000,4.840000,4.840000,13101500
2019-02-12,4.850000,4.950000,4.830000,4.930000,4.930000,14278000
2019-02-13,4.920000,4.970000,4.880000,4.900000,4.900000,17119800
2019-02-14,4.870000,5.010000,4.840000,4.980000,4.980000,14288200
2019-02-15,4.990000,5.140000,4.960000,5.030000,5.030000,25940400
2019-02-19,5.000000,5.120000,4.990000,5.100000,5.100000,12323000
2019-02-20,5.100000,5.170000,5.000000,5.040000,5.040000,16692800
2019-02-21,5.020000,5.040000,4.940000,4.960000,4.960000,14636300
2019-02-22,4.990000,5.100000,4.980000,5.030000,5.030000,17939500
2019-02-25,5.070000,5.070000,4.950000,5.030000,5.030000,13776800
2019-02-26,5.020000,5.040000,4.960000,5.030000,5.030000,20689200
2019-02-27,5.000000,5.190000,5.000000,5.150000,5.150000,14421000
2019-02-28,5.170000,5.250000,5.100000,5.220000,5.220000,12666000
2019-03-01,5.240000,5.340000,5.170000,5.340000,5.340000,10428800
2019-03-04,5.400000,5.400000,5.050000,5.200000,5.200000,19349900
2019-03-05,5.200000,5.210000,5.130000,5.150000,5.150000,9263200
2019-03-06,5.150000,5.220000,5.100000,5.130000,5.130000,10710300
2019-03-07,5.130000,5.180000,5.020000,5.080000,5.080000,15866800
2019-03-08,5.030000,5.160000,4.990000,5.120000,5.120000,8461800
2019-03-11,5.170000,5.250000,5.120000,5.240000,5.240000,17551700
2019-03-12,5.260000,5.260000,5.180000,5.210000,5.210000,11743300
2019-03-13,5.210000,5.390000,5.210000,5.370000,5.370000,13312400
2019-03-14,5.360000,5.420000,5.240000,5.400000,5.400000,12777600
2019-03-15,5.390000,5.420000,5.340000,5.370000,5.370000,19133100
2019-03-18,5.380000,5.390000,5.270000,5.350000,5.350000,8543400
2019-03-19,5.350000,5.390000,5.290000,5.310000,5.310000,9563700
2019-03-20,5.290000,5.370000,5.230000,5.330000,5.330000,15028100
2019-03-21,5.310000,5.470000,5.300000,5.420000,5.420000,9602000
2019-03-22,5.440000,5.440000,5.270000,5.290000,5.290000,6833800
2019-03-25,5.280000,5.390000,5.210000,5.310000,5.310000,11629400
2019-03-26,5.330000,5.380000,5.290000,5.330000,5.330000,10639600
2019-03-27,5.310000,5.340000,5.180000,5.220000,5.220000,16096200
2019-03-28,5.240000,5.280000,5.160000,5.260000,5.260000,7525200
2019-03-29,5.290000,5.360000,5.210000,5.330000,5.330000,11577200
2019-04-01,5.340000,5.380000,5.250000,5.330000,5.330000,8665200
2019-04-02,5.320000,5.450000,5.300000,5.410000,5.410000,8361900
2019-04-03,5.420000,5.550000,5.420000,5.450000,5.450000,12012400
2019-04-04,5.470000,5.520000,5.290000,5.340000,5.340000,11037400
2019-04-05,5.350000,5.420000,5.310000,5.350000,5.350000,9039700
2019-04-08,5.330000,5.380000,5.250000,5.370000,5.370000,7185000
2019-04-09,5.330000,5.410000,5.320000,5.390000,5.390000,5539600
2019-04-10,5.390000,5.480000,5.390000,5.470000,5.470000,7110300
2019-04-11,5.500000,5.540000,5.450000,5.480000,5.480000,4849100
2019-04-12,5.520000,5.530000,5.440000,5.520000,5.520000,8435200
2019-04-15,5.520000,5.530000,5.410000,5.460000,5.460000,12495000
2019-04-16,5.490000,5.500000,5.330000,5.360000,5.360000,9853200
2019-04-17,5.400000,5.400000,5.240000,5.250000,5.250000,11229000
2019-04-18,5.330000,5.460000,5.220000,5.440000,5.440000,36298400
2019-04-22,5.480000,5.540000,5.400000,5.520000,5.520000,17619700
2019-04-23,5.580000,5.650000,5.520000,5.620000,5.620000,15174700
2019-04-24,5.650000,5.650000,5.530000,5.580000,5.580000,13527800
2019-04-25,5.600000,5.620000,5.410000,5.460000,5.460000,15403800
2019-04-26,5.490000,5.550000,5.460000,5.510000,5.510000,18071800
2019-04-29,5.520000,5.570000,5.500000,5.530000,5.530000,32763500
2019-04-30,5.530000,5.700000,5.510000,5.660000,5.660000,24120600
2019-05-01,5.730000,5.780000,5.470000,5.510000,5.510000,37618400
2019-05-02,6.230000,6.280000,5.720000,5.820000,5.820000,77694900
2019-05-03,5.910000,6.070000,5.770000,6.030000,6.030000,33778900
2019-05-06,5.860000,6.180000,5.820000,6.170000,6.170000,18505700
2019-05-07,6.140000,6.160000,6.010000,6.090000,6.090000,18414500
2019-05-08,6.100000,6.160000,6.030000,6.040000,6.040000,23889200
2019-05-09,6.000000,6.010000,5.870000,5.940000,5.940000,29561100
2019-05-10,5.940000,6.020000,5.860000,5.940000,5.940000,20204700
2019-05-13,5.840000,5.930000,5.750000,5.880000,5.880000,18588300
2019-05-14,5.930000,6.090000,5.920000,6.010000,6.010000,21111500
2019-05-15,6.010000,6.280000,6.000000,6.190000,6.190000,18237200
2019-05-16,6.190000,6.310000,6.180000,6.230000,6.230000,12172300
2019-05-17,6.180000,6.220000,6.110000,6.190000,6.190000,10075700
2019-05-20,6.100000,6.300000,6.060000,6.150000,6.150000,17094700
2019-05-21,6.190000,6.230000,6.120000,6.170000,6.170000,16628100
2019-05-22,6.170000,6.220000,6.160000,6.210000,6.210000,8889600
2019-05-23,6.150000,6.210000,5.970000,6.070000,6.070000,14309100
2019-05-24,6.150000,6.160000,6.020000,6.060000,6.060000,8237600
2019-05-28,6.130000,6.250000,6.100000,6.130000,6.130000,13388100
2019-05-29,6.090000,6.210000,6.030000,6.190000,6.190000,13570200
2019-05-30,6.420000,6.450000,6.210000,6.270000,6.270000,16402600
2019-05-31,6.180000,6.360000,6.160000,6.290000,6.290000,14850700
2019-06-03,6.270000,6.290000,6.040000,6.090000,6.090000,17443900
2019-06-04,6.130000,6.350000,6.110000,6.350000,6.350000,13559800
2019-06-05,6.390000,6.460000,6.260000,6.450000,6.450000,13084000
2019-06-06,6.460000,6.550000,6.430000,6.490000,6.490000,14357700
2019-06-07,6.470000,6.550000,6.430000,6.460000,6.460000,8483500
2019-06-10,6.490000,6.530000,6.260000,6.300000,6.300000,18015900
2019-06-11,6.260000,6.330000,6.200000,6.270000,6.270000,22779000
2019-06-12,6.220000,6.250000,6.140000,6.190000,6.190000,31467100
2019-06-13,6.210000,6.240000,6.160000,6.230000,6.230000,17451000
2019-06-14,6.240000,6.250000,6.060000,6.200000,6.200000,14668900
2019-06-17,6.200000,6.230000,6.000000,6.020000,6.020000,28036900
2019-06-18,6.080000,6.120000,6.010000,6.040000,6.040000,17914800
2019-06-19,6.040000,6.080000,6.000000,6.070000,6.070000,13554100
2019-06-20,6.090000,6.140000,6.010000,6.070000,6.070000,18712900
2019-06-21,6.040000,6.060000,5.970000,6.050000,6.050000,48550200
2019-06-24,6.010000,6.030000,5.910000,5.990000,5.990000,20945200
2019-06-25,5.970000,6.090000,5.870000,5.870000,5.870000,15156500
2019-06-26,5.910000,5.950000,5.800000,5.840000,5.840000,13743500
2019-06-27,5.850000,6.090000,5.840000,6.040000,6.040000,16413200
2019-06-28,6.060000,6.160000,5.960000,6.130000,6.130000,21704000
2019-07-01,6.200000,6.280000,6.160000,6.250000,6.250000,16877400
2019-07-02,6.250000,6.340000,6.230000,6.290000,6.290000,13799000
2019-07-03,6.300000,6.310000,6.130000,6.200000,6.200000,24822800
2019-07-05,6.200000,6.280000,6.110000,6.260000,6.260000,9556900
